Sensor,Depth,Time,Temperature
102502,6.5,7/3/18 9:00,19.71262823
102502,6.5,7/3/18 9:30,20.06902964
102502,6.5,7/3/18 10:00,32.67325393
102502,6.5,7/3/18 10:30,21.38384874
102502,6.5,7/3/18 11:00,22.17236549
102502,6.5,7/3/18 11:30,21.89604156
102502,6.5,7/3/18 12:00,7.527183638
102502,6.5,7/3/18 12:30,7.169572085
102502,6.5,7/3/18 13:00,7.224185128
102502,6.5,7/3/18 13:30,7.252014086
102502,6.5,7/3/18 14:00,7.276939768
102502,6.5,7/3/18 14:30,7.229204935
102502,6.5,7/3/18 15:00,7.211435173
102502,6.5,7/3/18 15:30,7.352516558
102502,6.5,7/3/18 16:00,7.136280346
102502,6.5,7/3/18 16:30,7.148324443
102502,6.5,7/3/18 17:00,7.148058728
102502,6.5,7/3/18 17:30,7.19070884
102502,6.5,7/3/18 18:00,7.247385557
102502,6.5,7/3/18 18:30,7.290274859
102502,6.5,7/3/18 19:00,7.287844578
102502,6.5,7/3/18 19:30,7.116733594
102502,6.5,7/3/18 20:00,7.216522582
102502,6.5,7/3/18 20:30,7.41138839
102502,6.5,7/3/18 21:00,7.431141806
102502,6.5,7/3/18 21:30,7.395051473
102502,6.5,7/3/18 22:00,7.408440867
102502,6.5,7/3/18 22:30,7.319786419
102502,6.5,7/3/18 23:00,7.253569816
102502,6.5,7/3/18 23:30,7.347534994
102502,6.5,7/4/18 0:00,7.241360758
102502,6.5,7/4/18 0:30,7.24451085
102502,6.5,7/4/18 1:00,7.242225583
102502,6.5,7/4/18 1:30,7.239853354
102502,6.5,7/4/18 2:00,7.284003487
102502,6.5,7/4/18 2:30,7.346829555
102502,6.5,7/4/18 3:00,7.38506388
102502,6.5,7/4/18 3:30,7.383401705
102502,6.5,7/4/18 4:00,7.328691221
102502,6.5,7/4/18 4:30,7.244298267
102502,6.5,7/4/18 5:00,7.269769789
102502,6.5,7/4/18 5:30,7.247385557
102502,6.5,7/4/18 6:00,7.30319938
102502,6.5,7/4/18 6:30,7.327087096
102502,6.5,7/4/18 7:00,7.328995618
102502,6.5,7/4/18 7:30,7.240834133
102502,6.5,7/4/18 8:00,7.235790134
102502,6.5,7/4/18 8:30,7.295700728
102502,6.5,7/4/18 9:00,7.304300989
102502,6.5,7/4/18 9:30,7.377501967
102502,6.5,7/4/18 10:00,7.387069124
102502,6.5,7/4/18 10:30,7.396810303
102502,6.5,7/4/18 11:00,7.322714416
102502,6.5,7/4/18 11:30,7.370152699
102502,6.5,7/4/18 12:00,7.324096278
102502,6.5,7/4/18 12:30,7.385914297
102502,6.5,7/4/18 13:00,7.467721292
102502,6.5,7/4/18 13:30,7.339581924
102502,6.5,7/4/18 14:00,7.363653875
102502,6.5,7/4/18 14:30,7.200178184
102502,6.5,7/4/18 15:00,7.314065729
102502,6.5,7/4/18 15:30,7.355778018
102502,6.5,7/4/18 16:00,7.434128041
102502,6.5,7/4/18 16:30,7.349327582
102502,6.5,7/4/18 17:00,7.45886866
102502,6.5,7/4/18 17:30,7.524279306
102502,6.5,7/4/18 18:00,7.474887529
102502,6.5,7/4/18 18:30,7.436326649
102502,6.5,7/4/18 19:00,7.497410981
102502,6.5,7/4/18 19:30,7.404140397
102502,6.5,7/4/18 20:00,7.385039721
102502,6.5,7/4/18 20:30,7.526830865
102502,6.5,7/4/18 21:00,7.388610506
102502,6.5,7/4/18 21:30,7.331353492
102502,6.5,7/4/18 22:00,7.379164135
102502,6.5,7/4/18 22:30,7.385406946
102502,6.5,7/4/18 23:00,7.366335542
102502,6.5,7/4/18 23:30,7.383875232
102502,6.5,7/5/18 0:00,7.376975292
102502,6.5,7/5/18 0:30,7.36981447
102502,6.5,7/5/18 1:00,7.494124974
102502,6.5,7/5/18 1:30,7.464715642
102502,6.5,7/5/18 2:00,7.391809242
102502,6.5,7/5/18 2:30,7.463584901
102502,6.5,7/5/18 3:00,7.534910846
102502,6.5,7/5/18 3:30,7.394925843
102502,6.5,7/5/18 4:00,7.344834037
102502,6.5,7/5/18 4:30,7.385242661
102502,6.5,7/5/18 5:00,7.398008628
102502,6.5,7/5/18 5:30,7.386141396
102502,6.5,7/5/18 6:00,7.3570971
102502,6.5,7/5/18 6:30,7.404067917
102502,6.5,7/5/18 7:00,7.407339172
102502,6.5,7/5/18 7:30,7.420153687
102502,6.5,7/5/18 8:00,7.414621009
102502,6.5,7/5/18 8:30,7.428609794
102502,6.5,7/5/18 9:00,7.458399936
102502,6.5,7/5/18 9:30,7.425266001
102502,6.5,7/5/18 10:00,7.367156955
102502,6.5,7/5/18 10:30,7.41304577
102502,6.5,7/5/18 11:00,7.415858007
102502,6.5,7/5/18 11:30,7.421579141
102502,6.5,7/5/18 12:00,7.420192343
102502,6.5,7/5/18 12:30,7.406802821
102502,6.5,7/5/18 13:00,7.425488276
102502,6.5,7/5/18 13:30,7.437631319
102502,6.5,7/5/18 14:00,7.538578753
102502,6.5,7/5/18 14:30,7.413606284
102502,6.5,7/5/18 15:00,7.468881031
102502,6.5,7/5/18 15:30,7.498580416
102502,6.5,7/5/18 16:00,7.400700031
102502,6.5,7/5/18 16:30,7.47482471
102502,6.5,7/5/18 17:00,7.388687816
102502,6.5,7/5/18 17:30,7.408919235
102502,6.5,7/5/18 18:00,7.354913126
102502,6.5,7/5/18 18:30,7.442825855
102502,6.5,7/5/18 19:00,7.517856941
102502,6.5,7/5/18 19:30,7.454437538
102502,6.5,7/5/18 20:00,7.358899364
102502,6.5,7/5/18 20:30,7.389064706
102502,6.5,7/5/18 21:00,7.550466922
102502,6.5,7/5/18 21:30,7.503446631
102502,6.5,7/5/18 22:00,7.484320165
102502,6.5,7/5/18 22:30,7.400951293
102502,6.5,7/5/18 23:00,7.465541953
102502,6.5,7/5/18 23:30,7.400472928
102502,6.5,7/6/18 0:00,7.40207231
102502,6.5,7/6/18 0:30,7.431412403
102502,6.5,7/6/18 1:00,7.47418685
102502,6.5,7/6/18 1:30,7.463053356
102502,6.5,7/6/18 2:00,7.400840158
102502,6.5,7/6/18 2:30,7.392408402
102502,6.5,7/6/18 3:00,7.408373219
102502,6.5,7/6/18 3:30,7.444971326
102502,6.5,7/6/18 4:00,7.412958794
102502,6.5,7/6/18 4:30,7.425956986
102502,6.5,7/6/18 5:00,7.477912536
102502,6.5,7/6/18 5:30,7.392393906
102502,6.5,7/6/18 6:00,7.47068346
102502,6.5,7/6/18 6:30,7.418868364
102502,6.5,7/6/18 7:00,7.562026609
102502,6.5,7/6/18 7:30,7.622258079
102502,6.5,7/6/18 8:00,7.601722989
102502,6.5,7/6/18 8:30,7.357082605
102502,6.5,7/6/18 9:00,7.643354263
102502,6.5,7/6/18 9:30,7.828829859
102502,6.5,7/6/18 10:00,7.621035337
102502,6.5,7/6/18 10:30,7.617734424
102502,6.5,7/6/18 11:00,7.471393802
102502,6.5,7/6/18 11:30,7.5717065
102502,6.5,7/6/18 12:00,7.575944804
102502,6.5,7/6/18 12:30,7.557551564
102502,6.5,7/6/18 13:00,7.563113961
102502,6.5,7/6/18 13:30,7.672889751
102502,6.5,7/6/18 14:00,7.809580388
102502,6.5,7/6/18 14:30,7.667679524
102502,6.5,7/6/18 15:00,7.508153397
102502,6.5,7/6/18 15:30,7.415205683
102502,6.5,7/6/18 16:00,7.684233458
102502,6.5,7/6/18 16:30,7.640580075
102502,6.5,7/6/18 17:00,7.725515772
102502,6.5,7/6/18 17:30,7.666181228
102502,6.5,7/6/18 18:00,7.640087102
102502,6.5,7/6/18 18:30,7.562292406
102502,6.5,7/6/18 19:00,7.725220926
102502,6.5,7/6/18 19:30,7.710575411
102502,6.5,7/6/18 20:00,7.689168284
102502,6.5,7/6/18 20:30,7.671004786
102502,6.5,7/6/18 21:00,7.663701794
102502,6.5,7/6/18 21:30,7.611794744
102502,6.5,7/6/18 22:00,7.445879769
102502,6.5,7/6/18 22:30,7.589781041
102502,6.5,7/6/18 23:00,7.633746136
102502,6.5,7/6/18 23:30,7.735231259
102502,6.5,7/7/18 0:00,7.769168707
102502,6.5,7/7/18 0:30,7.728246731
102502,6.5,7/7/18 1:00,7.652648339
102502,6.5,7/7/18 1:30,7.685871953
102502,6.5,7/7/18 2:00,7.676775691
102502,6.5,7/7/18 2:30,7.757379137
102502,6.5,7/7/18 3:00,7.718270316
102502,6.5,7/7/18 3:30,7.700024032
102502,6.5,7/7/18 4:00,7.761342811
102502,6.5,7/7/18 4:30,7.502712106
102502,6.5,7/7/18 5:00,7.572658546
102502,6.5,7/7/18 5:30,7.645674148
102502,6.5,7/7/18 6:00,7.679999488
102502,6.5,7/7/18 6:30,7.654088615
102502,6.5,7/7/18 7:00,7.673986899
102502,6.5,7/7/18 7:30,7.677824511
102502,6.5,7/7/18 8:00,7.631310288
102502,6.5,7/7/18 8:30,7.786420758
102502,6.5,7/7/18 9:00,7.754831762
102502,6.5,7/7/18 9:30,7.726753161
102502,6.5,7/7/18 10:00,7.691217622
102502,6.5,7/7/18 10:30,7.70649598
102502,6.5,7/7/18 11:00,7.657582986
102502,6.5,7/7/18 11:30,7.695915651
102502,6.5,7/7/18 12:00,7.875273318
102502,6.5,7/7/18 12:30,7.976505222
102502,6.5,7/7/18 13:00,7.666983541
102502,6.5,7/7/18 13:30,7.661178868
102502,6.5,7/7/18 14:00,7.557682045
102502,6.5,7/7/18 14:30,7.643030446
102502,6.5,7/7/18 15:00,7.761144626
102502,6.5,7/7/18 15:30,7.683150797
102502,6.5,7/7/18 16:00,7.972612895
102502,6.5,7/7/18 16:30,7.768071434
102502,6.5,7/7/18 17:00,7.662276001
102502,6.5,7/7/18 17:30,7.821129045
102502,6.5,7/7/18 18:00,7.926549777
102502,6.5,7/7/18 18:30,7.975451149
102502,6.5,7/7/18 19:00,7.660478057
102502,6.5,7/7/18 19:30,7.613732748
102502,6.5,7/7/18 20:00,7.767075671
102502,6.5,7/7/18 20:30,7.90686741
102502,6.5,7/7/18 21:00,7.725820285
102502,6.5,7/7/18 21:30,7.761710177
102502,6.5,7/7/18 22:00,7.816454453
102502,6.5,7/7/18 22:30,7.667418531
102502,6.5,7/7/18 23:00,7.798312278
102502,6.5,7/7/18 23:30,7.866725991
102502,6.5,7/8/18 0:00,7.921806812
102502,6.5,7/8/18 0:30,7.919548959
102502,6.5,7/8/18 1:00,7.884144662
102502,6.5,7/8/18 1:30,7.800071852
102502,6.5,7/8/18 2:00,7.789311444
102502,6.5,7/8/18 2:30,7.810581039
102502,6.5,7/8/18 3:00,7.860586288
102502,6.5,7/8/18 3:30,7.843622606
102502,6.5,7/8/18 4:00,7.811538185
102502,6.5,7/8/18 4:30,7.746416297
102502,6.5,7/8/18 5:00,7.897662191
102502,6.5,7/8/18 5:30,7.912959166
102502,6.5,7/8/18 6:00,7.892735708
102502,6.5,7/8/18 6:30,7.591400033
102502,6.5,7/8/18 7:00,7.61467517
102502,6.5,7/8/18 7:30,8.010139761
102502,6.5,7/8/18 8:00,7.815647158
102502,6.5,7/8/18 8:30,8.26621718
102502,6.5,7/8/18 9:00,8.266038189
102502,6.5,7/8/18 9:30,8.137301062
102502,6.5,7/8/18 10:00,8.1390567
102502,6.5,7/8/18 10:30,8.16905331
102502,6.5,7/8/18 11:00,8.097890053
102502,6.5,7/8/18 11:30,8.082284034
102502,6.5,7/8/18 12:00,8.166523706
102502,6.5,7/8/18 12:30,8.207361508
102502,6.5,7/8/18 13:00,8.248681226
102502,6.5,7/8/18 13:30,8.324281068
102502,6.5,7/8/18 14:00,8.249963145
102502,6.5,7/8/18 14:30,8.107567246
102502,6.5,7/8/18 15:00,8.097125943
102502,6.5,7/8/18 15:30,8.231266774
102502,6.5,7/8/18 16:00,8.209944503
102502,6.5,7/8/18 16:30,8.334804091
102502,6.5,7/8/18 17:00,8.375620974
102502,6.5,7/8/18 17:30,8.351568804
102502,6.5,7/8/18 18:00,8.308867044
102502,6.5,7/8/18 18:30,8.064932664
102502,6.5,7/8/18 19:00,8.22442208
102502,6.5,7/8/18 19:30,8.33296557
102502,6.5,7/8/18 20:00,8.189580761
102502,6.5,7/8/18 20:30,8.227542089
102502,6.5,7/8/18 21:00,8.238866179
102502,6.5,7/8/18 21:30,8.110884901
102502,6.5,7/8/18 22:00,8.246654348
102502,6.5,7/8/18 22:30,8.242503869
102502,6.5,7/8/18 23:00,8.225578174
102502,6.5,7/8/18 23:30,8.290129897
102502,6.5,7/9/18 0:00,8.218288533
102502,6.5,7/9/18 0:30,8.211250517
102502,6.5,7/9/18 1:00,8.253146188
102502,6.5,7/9/18 1:30,8.262535791
102502,6.5,7/9/18 2:00,8.36594384
102502,6.5,7/9/18 2:30,8.378504796
102502,6.5,7/9/18 3:00,8.055792925
102502,6.5,7/9/18 3:30,8.0957815
102502,6.5,7/9/18 4:00,8.113240156
102502,6.5,7/9/18 4:30,8.12956761
102502,6.5,7/9/18 5:00,8.212116357
102502,6.5,7/9/18 5:30,8.2194688
102502,6.5,7/9/18 6:00,8.262545466
102502,6.5,7/9/18 6:30,8.239630478
102502,6.5,7/9/18 7:00,8.152473242
102502,6.5,7/9/18 7:30,8.123841342
102502,6.5,7/9/18 8:00,8.184274701
102502,6.5,7/9/18 8:30,8.212924154
102502,6.5,7/9/18 9:00,8.237381118
102502,6.5,7/9/18 9:30,8.35154945
102502,6.5,7/9/18 10:00,8.081302324
102502,6.5,7/9/18 10:30,8.036232404
102502,6.5,7/9/18 11:00,8.199312699
102502,6.5,7/9/18 11:30,8.192458727
102502,6.5,7/9/18 12:00,8.253373549
102502,6.5,7/9/18 12:30,8.175752219
102502,6.5,7/9/18 13:00,8.267808747
102502,6.5,7/9/18 13:30,8.288610829
102502,6.5,7/9/18 14:00,8.228156419
102502,6.5,7/9/18 14:30,8.187704045
102502,6.5,7/9/18 15:00,8.207066447
102502,6.5,7/9/18 15:30,8.300724792
102502,6.5,7/9/18 16:00,8.334436386
102502,6.5,7/9/18 16:30,8.308097806
102502,6.5,7/9/18 17:00,8.304619317
102502,6.5,7/9/18 17:30,8.218738389
102502,6.5,7/9/18 18:00,8.24303598
102502,6.5,7/9/18 18:30,8.202635721
102502,6.5,7/9/18 19:00,8.216402046
102502,6.5,7/9/18 19:30,8.23385472
102502,6.5,7/9/18 20:00,8.366693811
102502,6.5,7/9/18 20:30,8.302166489
102502,6.5,7/9/18 21:00,8.253305824
102502,6.5,7/9/18 21:30,8.328891819
102502,6.5,7/9/18 22:00,8.164439089
102502,6.5,7/9/18 22:30,8.24070437
102502,6.5,7/9/18 23:00,8.356213671
102502,6.5,7/9/18 23:30,8.206490838
102502,6.5,7/10/18 0:00,8.227005156
102502,6.5,7/10/18 0:30,8.298900907
102502,6.5,7/10/18 1:00,8.260150884
102502,6.5,7/10/18 1:30,8.278224199
102502,6.5,7/10/18 2:00,8.145179712
102502,6.5,7/10/18 2:30,8.235199489
102502,6.5,7/10/18 3:00,8.284343916
102502,6.5,7/10/18 3:30,8.292722965
102502,6.5,7/10/18 4:00,8.257988513
102502,6.5,7/10/18 4:30,8.259023741
102502,6.5,7/10/18 5:00,8.323463426
102502,6.5,7/10/18 5:30,8.391859628
102502,6.5,7/10/18 6:00,8.162431866
102502,6.5,7/10/18 6:30,8.261577957
102502,6.5,7/10/18 7:00,8.233835371
102502,6.5,7/10/18 7:30,7.89065683
102502,6.5,7/10/18 8:00,8.31838827
102502,6.5,7/10/18 8:30,8.269110063
102502,6.5,7/10/18 9:00,8.046653322
102502,6.5,7/10/18 9:30,8.225897431
102502,6.5,7/10/18 10:00,18.15889663
102502,6.5,7/10/18 10:30,8.774839718
102502,6.5,7/10/18 11:00,7.834268335
102502,6.5,7/10/18 11:30,8.660779337
102502,6.5,7/10/18 12:00,8.949356922
102502,6.5,7/10/18 12:30,9.119080294
102502,6.5,7/10/18 13:00,8.922452585
102502,6.5,7/10/18 13:30,8.794493012
102502,6.5,7/10/18 14:00,8.787228251
102502,6.5,7/10/18 14:30,8.956028803
102502,6.5,7/10/18 15:00,8.963868539
102502,6.5,7/10/18 15:30,8.915151492
102502,6.5,7/10/18 16:00,9.015407633
102502,6.5,7/10/18 16:30,8.933586179
102502,6.5,7/10/18 17:00,9.011807022
102502,6.5,7/10/18 17:30,8.993508919
102502,6.5,7/10/18 18:00,8.798043107
102502,6.5,7/10/18 18:30,9.063488733
102502,6.5,7/10/18 19:00,9.034710046
102502,6.5,7/10/18 19:30,9.021397424
102502,6.5,7/10/18 20:00,9.188086722
102502,6.5,7/10/18 20:30,9.136740215
102502,6.5,7/10/18 21:00,8.867172256
102502,6.5,7/10/18 21:30,8.958461138
102502,6.5,7/10/18 22:00,8.854664933
102502,6.5,7/10/18 22:30,8.942190962
102502,6.5,7/10/18 23:00,9.013643669
102502,6.5,7/10/18 23:30,9.05806044
102502,6.5,7/11/18 0:00,9.120229155
102502,6.5,7/11/18 0:30,8.846614346
102502,6.5,7/11/18 1:00,8.827181249
102502,6.5,7/11/18 1:30,8.91367385
102502,6.5,7/11/18 2:00,8.943692943
102502,6.5,7/11/18 2:30,9.015252559
102502,6.5,7/11/18 3:00,8.97714996
102502,6.5,7/11/18 3:30,9.055506264
102502,6.5,7/11/18 4:00,9.011811869
102502,6.5,7/11/18 4:30,9.015887394
102502,6.5,7/11/18 5:00,8.826265806
102502,6.5,7/11/18 5:30,8.944516613
102502,6.5,7/11/18 6:00,8.888191489
102502,6.5,7/11/18 6:30,9.113927434
102502,6.5,7/11/18 7:00,9.024726744
102502,6.5,7/11/18 7:30,8.884107689
102502,6.5,7/11/18 8:00,9.013721205
102502,6.5,7/11/18 8:30,9.009573014
102502,6.5,7/11/18 9:00,9.219870154
102502,6.5,7/11/18 9:30,8.969818711
102502,6.5,7/11/18 10:00,8.903897333
102502,6.5,7/11/18 10:30,9.065034842
102502,6.5,7/11/18 11:00,9.17037078
102502,6.5,7/11/18 11:30,9.209571114
102502,6.5,7/11/18 12:00,8.973162092
102502,6.5,7/11/18 12:30,8.886713952
102502,6.5,7/11/18 13:00,9.077864421
102502,6.5,7/11/18 13:30,9.094320127
102502,6.5,7/11/18 14:00,9.063401492
102502,6.5,7/11/18 14:30,9.098590499
102502,6.5,7/11/18 15:00,9.030823309
102502,6.5,7/11/18 15:30,9.080966468
102502,6.5,7/11/18 16:00,9.097940972
102502,6.5,7/11/18 16:30,9.039701802
102502,6.5,7/11/18 17:00,9.081630503
102502,6.5,7/11/18 17:30,9.217770559
102502,6.5,7/11/18 18:00,9.181837066
102502,6.5,7/11/18 18:30,9.188304904
102502,6.5,7/11/18 19:00,9.269968659
102502,6.5,7/11/18 19:30,9.276171501
102502,6.5,7/11/18 20:00,9.238194905
102502,6.5,7/11/18 20:30,9.239620584
102502,6.5,7/11/18 21:00,9.166938243
102502,6.5,7/11/18 21:30,9.056766387
102502,6.5,7/11/18 22:00,9.047456126
102502,6.5,7/11/18 22:30,9.307978113
102502,6.5,7/11/18 23:00,9.231042359
102502,6.5,7/11/18 23:30,9.243917055
102502,6.5,7/12/18 0:00,9.080089167
102502,6.5,7/12/18 0:30,9.18919703
102502,6.5,7/12/18 1:00,9.124688904
102502,6.5,7/12/18 1:30,9.294814699
102502,6.5,7/12/18 2:00,8.996552078
102502,6.5,7/12/18 2:30,9.152738191
102502,6.5,7/12/18 3:00,9.306256264
102502,6.5,7/12/18 3:30,9.102366501
102502,6.5,7/12/18 4:00,9.046540137
102502,6.5,7/12/18 4:30,9.322927059
102502,6.5,7/12/18 5:00,9.143052054
102502,6.5,7/12/18 5:30,9.072523149
102502,6.5,7/12/18 6:00,9.016546461
102502,6.5,7/12/18 6:30,9.226896379
102502,6.5,7/12/18 7:00,9.197749919
102502,6.5,7/12/18 7:30,9.258305312
102502,6.5,7/12/18 8:00,9.37292535
102502,6.5,7/12/18 8:30,9.075416731
102502,6.5,7/12/18 9:00,9.025487597
102502,6.5,7/12/18 9:30,9.291453605
102502,6.5,7/12/18 10:00,9.264861952
102502,6.5,7/12/18 10:30,9.363465467
102502,6.5,7/12/18 11:00,9.062364294
102502,6.5,7/12/18 11:30,9.210550576
102502,6.5,7/12/18 12:00,9.194981358
102502,6.5,7/12/18 12:30,9.340835685
102502,6.5,7/12/18 13:00,9.301100476
102502,6.5,7/12/18 13:30,9.331323419
102502,6.5,7/12/18 14:00,9.416934603
102502,6.5,7/12/18 14:30,9.347631724
102502,6.5,7/12/18 15:00,9.540064629
102502,6.5,7/12/18 15:30,9.656161808
102502,6.5,7/12/18 16:00,9.539292844
102502,6.5,7/12/18 16:30,9.488296437
102502,6.5,7/12/18 17:00,9.599838117
102502,6.5,7/12/18 17:30,9.304073653
102502,6.5,7/12/18 18:00,9.511306093
102502,6.5,7/12/18 18:30,9.382167207
102502,6.5,7/12/18 19:00,9.467690698
102502,6.5,7/12/18 19:30,9.673702146
102502,6.5,7/12/18 20:00,9.766317319
102502,6.5,7/12/18 20:30,9.312794487
102502,6.5,7/12/18 21:00,9.235406606
102502,6.5,7/12/18 21:30,9.218342734
102502,6.5,7/12/18 22:00,9.265152931
102502,6.5,7/12/18 22:30,9.370252297
102502,6.5,7/12/18 23:00,9.447901597
102502,6.5,7/12/18 23:30,9.464264635
102502,6.5,7/13/18 0:00,9.592327518
102502,6.5,7/13/18 0:30,9.566083238
102502,6.5,7/13/18 1:00,9.466438676
102502,6.5,7/13/18 1:30,9.424426171
102502,6.5,7/13/18 2:00,9.451143077
102502,6.5,7/13/18 2:30,9.430966888
102502,6.5,7/13/18 3:00,9.513456212
102502,6.5,7/13/18 3:30,9.394902503
102502,6.5,7/13/18 4:00,9.467108362
102502,6.5,7/13/18 4:30,9.366405277
102502,6.5,7/13/18 5:00,9.361927657
102502,6.5,7/13/18 5:30,9.37006795
102502,6.5,7/13/18 6:00,9.41957895
102502,6.5,7/13/18 6:30,9.252466522
102502,6.5,7/13/18 7:00,9.335577467
102502,6.5,7/13/18 7:30,9.465637967
102502,6.5,7/13/18 8:00,9.374691226
102502,6.5,7/13/18 8:30,9.430612676
102502,6.5,7/13/18 9:00,9.486476514
102502,6.5,7/13/18 9:30,9.506641894
102502,6.5,7/13/18 10:00,9.471961201
102502,6.5,7/13/18 10:30,9.441855457
102502,6.5,7/13/18 11:00,9.466691021
102502,6.5,7/13/18 11:30,9.383874919
102502,6.5,7/13/18 12:00,9.562359909
102502,6.5,7/13/18 12:30,9.514946258
102502,6.5,7/13/18 13:00,9.414251463
102502,6.5,7/13/18 13:30,9.42704147
102502,6.5,7/13/18 14:00,9.435018515
102502,6.5,7/13/18 14:30,9.561986123
102502,6.5,7/13/18 15:00,9.506447757
102502,6.5,7/13/18 15:30,9.396838314
102502,6.5,7/13/18 16:00,9.393311169
102502,6.5,7/13/18 16:30,9.474251768
102502,6.5,7/13/18 17:00,9.373701558
102502,6.5,7/13/18 17:30,9.460285403
102502,6.5,7/13/18 18:00,9.495372407
102502,6.5,7/13/18 18:30,9.568500757
102502,6.5,7/13/18 19:00,9.433650175
102502,6.5,7/13/18 19:30,9.47797883
102502,6.5,7/13/18 20:00,9.634466144
102502,6.5,7/13/18 20:30,9.442850199
102502,6.5,7/13/18 21:00,9.548399068
102502,6.5,7/13/18 21:30,9.415784683
102502,6.5,7/13/18 22:00,9.331236108
102502,6.5,7/13/18 22:30,9.487418019
102502,6.5,7/13/18 23:00,9.546607896
102502,6.5,7/13/18 23:30,9.501550673
102502,6.5,7/14/18 0:00,9.508549305
102502,6.5,7/14/18 0:30,9.542962482
102502,6.5,7/14/18 1:00,9.484709985
102502,6.5,7/14/18 1:30,9.433053348
102502,6.5,7/14/18 2:00,9.497202092
102502,6.5,7/14/18 2:30,9.529890822
102502,6.5,7/14/18 3:00,9.582710163
102502,6.5,7/14/18 3:30,9.444941594
102502,6.5,7/14/18 4:00,9.564830796
102502,6.5,7/14/18 4:30,9.58859414
102502,6.5,7/14/18 5:00,9.511121659
102502,6.5,7/14/18 5:30,9.461469462
102502,6.5,7/14/18 6:00,9.526075736
102502,6.5,7/14/18 6:30,9.501380806
102502,6.5,7/14/18 7:00,9.639355777
102502,6.5,7/14/18 7:30,9.479983116
102502,6.5,7/14/18 8:00,9.53693867
102502,6.5,7/14/18 8:30,9.452118439
102502,6.5,7/14/18 9:00,9.462750579
102502,6.5,7/14/18 9:30,9.453617883
102502,6.5,7/14/18 10:00,9.554515348
102502,6.5,7/14/18 10:30,9.556660931
102502,6.5,7/14/18 11:00,9.571636767
102502,6.5,7/14/18 11:30,9.905922203
102502,6.5,7/14/18 12:00,9.69053453
102502,6.5,7/14/18 12:30,9.730944217
102502,6.5,7/14/18 13:00,10.00474555
102502,6.5,7/14/18 13:30,9.562034667
102502,6.5,7/14/18 14:00,9.593327625
102502,6.5,7/14/18 14:30,9.595531757
102502,6.5,7/14/18 15:00,9.785370777
102502,6.5,7/14/18 15:30,9.753487843
102502,6.5,7/14/18 16:00,9.481744764
102502,6.5,7/14/18 16:30,9.755523224
102502,6.5,7/14/18 17:00,9.759122827
102502,6.5,7/14/18 17:30,9.71178773
102502,6.5,7/14/18 18:00,9.731862247
102502,6.5,7/14/18 18:30,9.710952336
102502,6.5,7/14/18 19:00,9.773123358
102502,6.5,7/14/18 19:30,9.794893156
102502,6.5,7/14/18 20:00,9.750757832
102502,6.5,7/14/18 20:30,9.791837213
102502,6.5,7/14/18 21:00,9.583341276
102502,6.5,7/14/18 21:30,9.597332944
102502,6.5,7/14/18 22:00,9.58873493
102502,6.5,7/14/18 22:30,9.780376522
102502,6.5,7/14/18 23:00,9.671395422
102502,6.5,7/14/18 23:30,9.757067987
102502,6.5,7/15/18 0:00,9.915439236
102502,6.5,7/15/18 0:30,9.744467254
102502,6.5,7/15/18 1:00,9.651500109
102502,6.5,7/15/18 1:30,9.745001583
102502,6.5,7/15/18 2:00,9.710583209
102502,6.5,7/15/18 2:30,9.721249235
102502,6.5,7/15/18 3:00,9.802987444
102502,6.5,7/15/18 3:30,9.683754832
102502,6.5,7/15/18 4:00,9.75678138
102502,6.5,7/15/18 4:30,9.740683262
102502,6.5,7/15/18 5:00,9.746808595
102502,6.5,7/15/18 5:30,9.840022203
102502,6.5,7/15/18 6:00,9.741815053
102502,6.5,7/15/18 6:30,9.798507861
102502,6.5,7/15/18 7:00,9.805164101
102502,6.5,7/15/18 7:30,9.65128645
102502,6.5,7/15/18 8:00,9.859455141
102502,6.5,7/15/18 8:30,9.66452878
102502,6.5,7/15/18 9:00,9.515815051
102502,6.5,7/15/18 9:30,9.753818166
102502,6.5,7/15/18 10:00,9.875978403
102502,6.5,7/15/18 10:30,9.643259775
102502,6.5,7/15/18 11:00,9.557782271
102502,6.5,7/15/18 11:30,9.663795507
102502,6.5,7/15/18 12:00,9.785064706
102502,6.5,7/15/18 12:30,9.801422983
102502,6.5,7/15/18 13:00,9.834191144
102502,6.5,7/15/18 13:30,9.806811182
102502,6.5,7/15/18 14:00,9.672143284
102502,6.5,7/15/18 14:30,9.681651994
102502,6.5,7/15/18 15:00,9.677698895
102502,6.5,7/15/18 15:30,9.767031435
102502,6.5,7/15/18 16:00,9.753575281
102502,6.5,7/15/18 16:30,9.683584856
102502,6.5,7/15/18 17:00,9.621419445
102502,6.5,7/15/18 17:30,9.631853843
102502,6.5,7/15/18 18:00,9.735767551
102502,6.5,7/15/18 18:30,9.740178086
102502,6.5,7/15/18 19:00,9.839584869
102502,6.5,7/15/18 19:30,9.828763515
102502,6.5,7/15/18 20:00,9.787314092
102502,6.5,7/15/18 20:30,9.685877112
102502,6.5,7/15/18 21:00,9.730463346
102502,6.5,7/15/18 21:30,9.688999856
102502,6.5,7/15/18 22:00,9.695852533
102502,6.5,7/15/18 22:30,9.689742909
102502,6.5,7/15/18 23:00,9.740382099
102502,6.5,7/15/18 23:30,9.737317059
102502,6.5,7/16/18 0:00,9.666175011
102502,6.5,7/16/18 0:30,9.705901168
102502,6.5,7/16/18 1:00,9.720059244
102502,6.5,7/16/18 1:30,9.785147297
102502,6.5,7/16/18 2:00,9.779769251
102502,6.5,7/16/18 2:30,9.653821237
102502,6.5,7/16/18 3:00,9.73444149
102502,6.5,7/16/18 3:30,9.731944821
102502,6.5,7/16/18 4:00,9.701904011
102502,6.5,7/16/18 4:30,9.722065232
102502,6.5,7/16/18 5:00,9.616379609
102502,6.5,7/16/18 5:30,9.847335505
102502,6.5,7/16/18 6:00,9.689602069
102502,6.5,7/16/18 6:30,9.697154124
102502,6.5,7/16/18 7:00,10.00849934
102502,6.5,7/16/18 7:30,9.73889572
102502,6.5,7/16/18 8:00,9.763169402
102502,6.5,7/16/18 8:30,9.762421291
102502,6.5,7/16/18 9:00,9.608242259
102502,6.5,7/16/18 9:30,9.873256853
102502,6.5,7/16/18 10:00,9.757369169
102502,6.5,7/16/18 10:30,9.722575232
102502,6.5,7/16/18 11:00,9.705585473
102502,6.5,7/16/18 11:30,9.710544353
102502,6.5,7/16/18 12:00,9.9921231
102502,6.5,7/16/18 12:30,9.824283498
102502,6.5,7/16/18 13:00,9.77963808
102502,6.5,7/16/18 13:30,9.745108449
102502,6.5,7/16/18 14:00,9.763261701
102502,6.5,7/16/18 14:30,9.746730873
102502,6.5,7/16/18 15:00,9.93604934
102502,6.5,7/16/18 15:30,9.79388746
102502,6.5,7/16/18 16:00,9.78934973
102502,6.5,7/16/18 16:30,9.88684545
102502,6.5,7/16/18 17:00,10.11268496
102502,6.5,7/16/18 17:30,9.577884614
102502,6.5,7/16/18 18:00,9.76915922
102502,6.5,7/16/18 18:30,9.796506163
102502,6.5,7/16/18 19:00,9.966471728
102502,6.5,7/16/18 19:30,9.960423906
102502,6.5,7/16/18 20:00,9.7938243
102502,6.5,7/16/18 20:30,9.78818373
102502,6.5,7/16/18 21:00,9.864144725
102502,6.5,7/16/18 21:30,9.93045431
102502,6.5,7/16/18 22:00,9.881338969
102502,6.5,7/16/18 22:30,10.04579723
102502,6.5,7/16/18 23:00,9.698154605
102502,6.5,7/16/18 23:30,9.702341121
102502,6.5,7/17/18 0:00,9.810911923
102502,6.5,7/17/18 0:30,9.778438116
102502,6.5,7/17/18 1:00,9.986896348
102502,6.5,7/17/18 1:30,9.748319305
102502,6.5,7/17/18 2:00,9.798896542
102502,6.5,7/17/18 2:30,9.811431808
102502,6.5,7/17/18 3:00,9.958911974
102502,6.5,7/17/18 3:30,9.891141849
102502,6.5,7/17/18 4:00,10.03244326
102502,6.5,7/17/18 4:30,9.783476059
102502,6.5,7/17/18 5:00,9.826892783
102502,6.5,7/17/18 5:30,9.772093454
102502,6.5,7/17/18 6:00,9.711831443
102502,6.5,7/17/18 6:30,10.00812007
102502,6.5,7/17/18 7:00,9.821795712
102502,6.5,7/17/18 7:30,9.939131276
102502,6.5,7/17/18 8:00,9.880449584
102502,6.5,7/17/18 8:30,9.56636965
102502,6.5,7/17/18 9:00,9.891734797
102502,6.5,7/17/18 9:30,9.891404301
102502,6.5,7/17/18 10:00,9.941134069
102502,6.5,7/17/18 10:30,10.07534776
102502,6.5,7/17/18 11:00,9.794470471
102502,6.5,7/17/18 11:30,9.950496847
102502,6.5,7/17/18 12:00,10.04352126
102502,6.5,7/17/18 12:30,9.94548485
102502,6.5,7/17/18 13:00,10.08804741
102502,6.5,7/17/18 13:30,9.976166045
102502,6.5,7/17/18 14:00,9.98730476
102502,6.5,7/17/18 14:30,9.832679949
102502,6.5,7/17/18 15:00,10.04538385
102502,6.5,7/17/18 15:30,10.0775997
102502,6.5,7/17/18 16:00,10.20542552
102502,6.5,7/17/18 16:30,10.26259332
102502,6.5,7/17/18 17:00,9.880449584
102502,6.5,7/17/18 17:30,9.956393726
102502,6.5,7/17/18 18:00,10.02094756
102502,6.5,7/17/18 18:30,9.938348636
102502,6.5,7/17/18 19:00,9.901003425
102502,6.5,7/17/18 19:30,10.10383169
102502,6.5,7/17/18 20:00,10.20314805
102502,6.5,7/17/18 20:30,10.20554718
102502,6.5,7/17/18 21:00,10.03136369
102502,6.5,7/17/18 21:30,9.911492395
102502,6.5,7/17/18 22:00,9.910977172
102502,6.5,7/17/18 22:30,10.18011668
102502,6.5,7/17/18 23:00,10.07969115
102502,6.5,7/17/18 23:30,10.22921859
102502,6.5,7/18/18 0:00,10.2311605
102502,6.5,7/18/18 0:30,10.10817073
102502,6.5,7/18/18 1:00,9.966165444
102502,6.5,7/18/18 1:30,10.13778233
102502,6.5,7/18/18 2:00,9.957132669
102502,6.5,7/18/18 2:30,10.25605623
102502,6.5,7/18/18 3:00,10.21464268
102502,6.5,7/18/18 3:30,10.01744157
102502,6.5,7/18/18 4:00,10.2222785
102502,6.5,7/18/18 4:30,10.57588964
102502,6.5,7/18/18 5:00,10.3920008
102502,6.5,7/18/18 5:30,10.35546633
102502,6.5,7/18/18 6:00,10.35623086
102502,6.5,7/18/18 6:30,10.2912409
102502,6.5,7/18/18 7:00,10.09273151
102502,6.5,7/18/18 7:30,10.29637691
102502,6.5,7/18/18 8:00,10.11559396
102502,6.5,7/18/18 8:30,10.32113846
102502,6.5,7/18/18 9:00,10.43288146
102502,6.5,7/18/18 9:30,10.37607042
102502,6.5,7/18/18 10:00,10.46799623
102502,6.5,7/18/18 10:30,10.32653806
102502,6.5,7/18/18 11:00,10.68605658
102502,6.5,7/18/18 11:30,10.57850237
102502,6.5,7/18/18 12:00,10.85575869
102502,6.5,7/18/18 12:30,10.74392543
102502,6.5,7/18/18 13:00,11.00480963
102502,6.5,7/18/18 13:30,10.8771438
102502,6.5,7/18/18 14:00,10.87296032
102502,6.5,7/18/18 14:30,10.82088162
102502,6.5,7/18/18 15:00,10.97695374
102502,6.5,7/18/18 15:30,11.08025527
102502,6.5,7/18/18 16:00,11.07394663
102502,6.5,7/18/18 16:30,11.05766046
102502,6.5,7/18/18 17:00,11.17170782
102502,6.5,7/18/18 17:30,11.19013084
102502,6.5,7/18/18 18:00,11.15215248
102502,6.5,7/18/18 18:30,11.1816965
102502,6.5,7/18/18 19:00,11.04956432
102502,6.5,7/18/18 19:30,10.9104293
102502,6.5,7/18/18 20:00,11.1155015
102502,6.5,7/18/18 20:30,11.01113553
102502,6.5,7/18/18 21:00,11.07357036
102502,6.5,7/18/18 21:30,11.12114679
102502,6.5,7/18/18 22:00,11.17505199
102502,6.5,7/18/18 22:30,11.21488843
102502,6.5,7/18/18 23:00,11.29655892
102502,6.5,7/18/18 23:30,11.01989931
102502,6.5,7/19/18 0:00,11.25646014
102502,6.5,7/19/18 0:30,10.8369821
102502,6.5,7/19/18 1:00,11.08987744
102502,6.5,7/19/18 1:30,11.17214295
102502,6.5,7/19/18 2:00,11.08765389
102502,6.5,7/19/18 2:30,11.09412426
102502,6.5,7/19/18 3:00,11.06971981
102502,6.5,7/19/18 3:30,10.82513721
102502,6.5,7/19/18 4:00,10.94033149
102502,6.5,7/19/18 4:30,10.94732918
102502,6.5,7/19/18 5:00,10.92656635
102502,6.5,7/19/18 5:30,10.89856051
102502,6.5,7/19/18 6:00,10.87081736
102502,6.5,7/19/18 6:30,10.56474206
102502,6.5,7/19/18 7:00,10.76694775
102502,6.5,7/19/18 7:30,10.75578021
102502,6.5,7/19/18 8:00,10.79676989
102502,6.5,7/19/18 8:30,10.85332305
102502,6.5,7/19/18 9:00,10.71521335
102502,6.5,7/19/18 9:30,10.56304097
102502,6.5,7/19/18 10:00,10.65500702
102502,6.5,7/19/18 10:30,10.70045399
102502,6.5,7/19/18 11:00,10.79976113
102502,6.5,7/19/18 11:30,10.77142177
102502,6.5,7/19/18 12:00,10.8130783
102502,6.5,7/19/18 12:30,10.85506558
102502,6.5,7/19/18 13:00,10.8803071
102502,6.5,7/19/18 13:30,10.88695605
102502,6.5,7/19/18 14:00,10.8450792
102502,6.5,7/19/18 14:30,10.88188389
102502,6.5,7/19/18 15:00,10.92016508
102502,6.5,7/19/18 15:30,10.95636356
102502,6.5,7/19/18 16:00,11.02089589
102502,6.5,7/19/18 16:30,10.81703604
102502,6.5,7/19/18 17:00,11.10194861
102502,6.5,7/19/18 17:30,10.80555831
102502,6.5,7/19/18 18:00,10.87480065
102502,6.5,7/19/18 18:30,10.91975982
102502,6.5,7/19/18 19:00,10.86482793
102502,6.5,7/19/18 19:30,10.96028998
102502,6.5,7/19/18 20:00,10.96217508
102502,6.5,7/19/18 20:30,11.0340033
102502,6.5,7/19/18 21:00,10.92884664
102502,6.5,7/19/18 21:30,10.98666841
102502,6.5,7/19/18 22:00,10.96207741
102502,6.5,7/19/18 22:30,10.83767027
102502,6.5,7/19/18 23:00,10.88109305
102502,6.5,7/19/18 23:30,10.9590007
102502,6.5,7/20/18 0:00,10.92682514
102502,6.5,7/20/18 0:30,10.93584392
102502,6.5,7/20/18 1:00,10.94564932
102502,6.5,7/20/18 1:30,10.94681155
102502,6.5,7/20/18 2:00,10.88806423
102502,6.5,7/20/18 2:30,10.93641524
102502,6.5,7/20/18 3:00,11.01664093
102502,6.5,7/20/18 3:30,11.09812192
102502,6.5,7/20/18 4:00,10.84522562
102502,6.5,7/20/18 4:30,10.8345711
102502,6.5,7/20/18 5:00,10.81841224
102502,6.5,7/20/18 5:30,10.97472661
102502,6.5,7/20/18 6:00,10.91113237
102502,6.5,7/20/18 6:30,11.05875007
102502,6.5,7/20/18 7:00,10.94248986
102502,6.5,7/20/18 7:30,10.8597905
102502,6.5,7/20/18 8:00,11.01297716
102502,6.5,7/20/18 8:30,11.07679062
102502,6.5,7/20/18 9:00,11.09822455
102502,6.5,7/20/18 9:30,10.96498323
102502,6.5,7/20/18 10:00,10.86528189
102502,6.5,7/20/18 10:30,10.83104737
102502,6.5,7/20/18 11:00,10.96217508
102502,6.5,7/20/18 11:30,10.9009967
102502,6.5,7/20/18 12:00,10.78639117
102502,6.5,7/20/18 12:30,10.66326272
102502,6.5,7/20/18 13:00,10.85311317
102502,6.5,7/20/18 13:30,10.89873627
102502,6.5,7/20/18 14:00,10.95688122
102502,6.5,7/20/18 14:30,10.94091259
102502,6.5,7/20/18 15:00,10.99749725
102502,6.5,7/20/18 15:30,10.87525464
102502,6.5,7/20/18 16:00,11.0091034
102502,6.5,7/20/18 16:30,10.96254624
102502,6.5,7/20/18 17:00,10.81471799
102502,6.5,7/20/18 17:30,10.96098346
102502,6.5,7/20/18 18:00,10.9069677
102502,6.5,7/20/18 18:30,10.91334901
102502,6.5,7/20/18 19:00,10.96066114
102502,6.5,7/20/18 19:30,10.69917613
102502,6.5,7/20/18 20:00,10.96642395
102502,6.5,7/20/18 20:30,10.83136948
102502,6.5,7/20/18 21:00,11.04263133
102502,6.5,7/20/18 21:30,11.0844872
102502,6.5,7/20/18 22:00,10.91595628
102502,6.5,7/20/18 22:30,10.80668556
102502,6.5,7/20/18 23:00,11.00229399
102502,6.5,7/20/18 23:30,11.02521933
102502,6.5,7/21/18 0:00,11.02652859
102502,6.5,7/21/18 0:30,11.01297227
102502,6.5,7/21/18 1:00,10.92701557
102502,6.5,7/21/18 1:30,10.87220857
102502,6.5,7/21/18 2:00,10.84383948
102502,6.5,7/21/18 2:30,10.92398824
102502,6.5,7/21/18 3:00,10.96873401
102502,6.5,7/21/18 3:30,10.92856831
102502,6.5,7/21/18 4:00,10.99004839
102502,6.5,7/21/18 4:30,10.98230187
102502,6.5,7/21/18 5:00,10.94514634
102502,6.5,7/21/18 5:30,10.92412984
102502,6.5,7/21/18 6:00,10.84452279
102502,6.5,7/21/18 6:30,10.98313219
102502,6.5,7/21/18 7:00,11.07973239
102502,6.5,7/21/18 7:30,10.99356519
102502,6.5,7/21/18 8:00,10.93707933
102502,6.5,7/21/18 8:30,10.9574819
102502,6.5,7/21/18 9:00,10.81483023
102502,6.5,7/21/18 9:30,11.08633443
102502,6.5,7/21/18 10:00,10.98728872
102502,6.5,7/21/18 10:30,10.84987709
102502,6.5,7/21/18 11:00,10.95674448
102502,6.5,7/21/18 11:30,11.08298696
102502,6.5,7/21/18 12:00,11.12855679
102502,6.5,7/21/18 12:30,11.09386035
102502,6.5,7/21/18 13:00,11.15838552
102502,6.5,7/21/18 13:30,11.20412045
102502,6.5,7/21/18 14:00,10.83609871
102502,6.5,7/21/18 14:30,11.21709394
102502,6.5,7/21/18 15:00,11.02841434
102502,6.5,7/21/18 15:30,11.16251166
102502,6.5,7/21/18 16:00,11.16854949
102502,6.5,7/21/18 16:30,11.27886388
102502,6.5,7/21/18 17:00,11.18362292
102502,6.5,7/21/18 17:30,11.2527183
102502,6.5,7/21/18 18:00,11.34717329
102502,6.5,7/21/18 18:30,11.34951254
102502,6.5,7/21/18 19:00,11.03868369
102502,6.5,7/21/18 19:30,11.15773532
102502,6.5,7/21/18 20:00,11.22837131
102502,6.5,7/21/18 20:30,11.26219778
102502,6.5,7/21/18 21:00,11.29977328
102502,6.5,7/21/18 21:30,11.15869351
102502,6.5,7/21/18 22:00,11.19598375
102502,6.5,7/21/18 22:30,11.2027855
102502,6.5,7/21/18 23:00,11.29944059
102502,6.5,7/21/18 23:30,11.37876559
102502,6.5,7/22/18 0:00,11.34010188
102502,6.5,7/22/18 0:30,11.22771597
102502,6.5,7/22/18 1:00,11.20014007
102502,6.5,7/22/18 1:30,11.23486613
102502,6.5,7/22/18 2:00,11.15407859
102502,6.5,7/22/18 2:30,11.26044663
102502,6.5,7/22/18 3:00,11.29610882
102502,6.5,7/22/18 3:30,11.31127594
102502,6.5,7/22/18 4:00,11.15531541
102502,6.5,7/22/18 4:30,11.2950276
102502,6.5,7/22/18 5:00,11.30649082
102502,6.5,7/22/18 5:30,11.09301978
102502,6.5,7/22/18 6:00,11.3761959
102502,6.5,7/22/18 6:30,11.35602151
102502,6.5,7/22/18 7:00,11.42931518
102502,6.5,7/22/18 7:30,11.32771169
102502,6.5,7/22/18 8:00,11.29962161
102502,6.5,7/22/18 8:30,11.23173118
102502,6.5,7/22/18 9:00,11.34345893
102502,6.5,7/22/18 9:30,11.34398745
102502,6.5,7/22/18 10:00,11.24449631
102502,6.5,7/22/18 10:30,11.29206284
102502,6.5,7/22/18 11:00,11.33325096
102502,6.5,7/22/18 11:30,11.34564643
102502,6.5,7/22/18 12:00,11.36802211
102502,6.5,7/22/18 12:30,11.43867182
102502,6.5,7/22/18 13:00,11.38329811
102502,6.5,7/22/18 13:30,11.35681924
102502,6.5,7/22/18 14:00,11.41183707
102502,6.5,7/22/18 14:30,11.42662236
102502,6.5,7/22/18 15:00,11.38572595
102502,6.5,7/22/18 15:30,11.4664754
102502,6.5,7/22/18 16:00,11.39215302
102502,6.5,7/22/18 16:30,11.37263757
102502,6.5,7/22/18 17:00,11.39859501
102502,6.5,7/22/18 17:30,11.42711685
102502,6.5,7/22/18 18:00,11.45838066
102502,6.5,7/22/18 18:30,11.4702658
102502,6.5,7/22/18 19:00,11.48917988
102502,6.5,7/22/18 19:30,11.45483046
102502,6.5,7/22/18 20:00,11.475883
102502,6.5,7/22/18 20:30,11.4411249
102502,6.5,7/22/18 21:00,11.42868848
102502,6.5,7/22/18 21:30,11.43003
102502,6.5,7/22/18 22:00,11.38352327
102502,6.5,7/22/18 22:30,11.4376289
102502,6.5,7/22/18 23:00,11.45993788
102502,6.5,7/22/18 23:30,11.47252343
102502,6.5,7/23/18 0:00,11.47110323
102502,6.5,7/23/18 0:30,11.39856564
102502,6.5,7/23/18 1:00,11.43835356
102502,6.5,7/23/18 1:30,11.40888016
102502,6.5,7/23/18 2:00,11.43950909
102502,6.5,7/23/18 2:30,11.40163497
102502,6.5,7/23/18 3:00,11.40401899
102502,6.5,7/23/18 3:30,11.35438201
102502,6.5,7/23/18 4:00,11.31100194
102502,6.5,7/23/18 4:30,11.42988802
102502,6.5,7/23/18 5:00,11.38709651
102502,6.5,7/23/18 5:30,11.33558514
102502,6.5,7/23/18 6:00,11.3752072
102502,6.5,7/23/18 6:30,11.30148566
102502,6.5,7/23/18 7:00,11.3296788
102502,6.5,7/23/18 7:30,11.25039987
102502,6.5,7/23/18 8:00,11.2607548
102502,6.5,7/23/18 8:30,11.26428646
102502,6.5,7/23/18 9:00,11.24617883
102502,6.5,7/23/18 9:30,11.22204299
102502,6.5,7/23/18 10:00,11.21115722
102502,6.5,7/23/18 10:30,11.2867988
102502,6.5,7/23/18 11:00,11.26947648
102502,6.5,7/23/18 11:30,11.28543878
102502,6.5,7/23/18 12:00,11.22578909
102502,6.5,7/23/18 12:30,11.21842411
102502,6.5,7/23/18 13:00,11.22255159
102502,6.5,7/23/18 13:30,11.24560168
102502,6.5,7/23/18 14:00,11.24927001
102502,6.5,7/23/18 14:30,11.22777465
102502,6.5,7/23/18 15:00,11.31236215
102502,6.5,7/23/18 15:30,11.23700341
102502,6.5,7/23/18 16:00,11.24445229
102502,6.5,7/23/18 16:30,11.2304107
102502,6.5,7/23/18 17:00,11.3108307
102502,6.5,7/23/18 17:30,11.24020204
102502,6.5,7/23/18 18:00,11.25016509
102502,6.5,7/23/18 18:30,11.20569502
102502,6.5,7/23/18 19:00,11.23065034
102502,6.5,7/23/18 19:30,11.21911854
102502,6.5,7/23/18 20:00,11.25799114
102502,6.5,7/23/18 20:30,11.23149642
102502,6.5,7/23/18 21:00,11.24979336
102502,6.5,7/23/18 21:30,11.23339891
102502,6.5,7/23/18 22:00,11.25403894
102502,6.5,7/23/18 22:30,11.27587493
102502,6.5,7/23/18 23:00,11.25640145
102502,6.5,7/23/18 23:30,11.25013574
102502,6.5,7/24/18 0:00,11.26511803
102502,6.5,7/24/18 0:30,11.26331305
102502,6.5,7/24/18 1:00,11.25234657
102502,6.5,7/24/18 1:30,11.25495851
102502,6.5,7/24/18 2:00,11.26638006
102502,6.5,7/24/18 2:30,11.15862018
102502,6.5,7/24/18 3:00,11.28385863
102502,6.5,7/24/18 3:30,11.26068142
102502,6.5,7/24/18 4:00,11.26326413
102502,6.5,7/24/18 4:30,11.22590646
102502,6.5,7/24/18 5:00,11.22355902
102502,6.5,7/24/18 5:30,11.26558762
102502,6.5,7/24/18 6:00,11.26401254
102502,6.5,7/24/18 6:30,11.25218516
102502,6.5,7/24/18 7:00,11.30506216
102502,6.5,7/24/18 7:30,11.22327538
102502,6.5,7/24/18 8:00,11.20170972
102502,6.5,7/24/18 8:30,11.20203734
102502,6.5,7/24/18 9:00,11.21114744
102502,6.5,7/24/18 9:30,11.19805212
102502,6.5,7/24/18 10:00,11.23596656
102502,6.5,7/24/18 10:30,11.2613809
102502,6.5,7/24/18 11:00,11.24684401
102502,6.5,7/24/18 11:30,11.28198987
102502,6.5,7/24/18 12:00,11.29824682
102502,6.5,7/24/18 12:30,11.19454618
102502,6.5,7/24/18 13:00,11.24068135
102502,6.5,7/24/18 13:30,11.25671939
102502,6.5,7/24/18 14:00,11.31810156
102502,6.5,7/24/18 14:30,11.35331023
102502,6.5,7/24/18 15:00,11.33833041
102502,6.5,7/24/18 15:30,11.33228207
102502,6.5,7/24/18 16:00,11.34428597
102502,6.5,7/24/18 16:30,11.31851747
102502,6.5,7/24/18 17:00,11.226195
102502,6.5,7/24/18 17:30,11.33706787
102502,6.5,7/24/18 18:00,11.38371417
102502,6.5,7/24/18 18:30,11.40819969
102502,6.5,7/24/18 19:00,11.37432618
102502,6.5,7/24/18 19:30,11.3583413
102502,6.5,7/24/18 20:00,11.47471253
102502,6.5,7/24/18 20:30,11.25332482
102502,6.5,7/24/18 21:00,11.31759269
102502,6.5,7/24/18 21:30,11.36680831
102502,6.5,7/24/18 22:00,11.38538331
102502,6.5,7/24/18 22:30,11.38056194
102502,6.5,7/24/18 23:00,11.38789438
102502,6.5,7/24/18 23:30,11.41594451
102502,6.5,7/25/18 0:00,11.39651945
102502,6.5,7/25/18 0:30,11.39359706
102502,6.5,7/25/18 1:00,11.37949
102502,6.5,7/25/18 1:30,11.34585197
102502,6.5,7/25/18 2:00,11.30869255
102502,6.5,7/25/18 2:30,11.30058054
102502,6.5,7/25/18 3:00,11.35238527
102502,6.5,7/25/18 3:30,11.28094297
102502,6.5,7/25/18 4:00,11.34252913
102502,6.5,7/25/18 4:30,11.33918678
102502,6.5,7/25/18 5:00,11.29355011
102502,6.5,7/25/18 5:30,11.31110469
102502,6.5,7/25/18 6:00,11.51556606
102502,6.5,7/25/18 6:30,11.47065758
102502,6.5,7/25/18 7:00,11.43199824
102502,6.5,7/25/18 7:30,11.41869592
102502,6.5,7/25/18 8:00,11.50067038
102502,6.5,7/25/18 8:30,11.4392349
102502,6.5,7/25/18 9:00,11.47646089
102502,6.5,7/25/18 9:30,11.30429402
102502,6.5,7/25/18 10:00,11.34419299
102502,6.5,7/25/18 10:30,11.30427445
102502,6.5,7/25/18 11:00,11.27491123
102502,6.5,7/25/18 11:30,11.28153002
102502,6.5,7/25/18 12:00,11.31517067
102502,6.5,7/25/18 12:30,11.46720507
102502,6.5,7/25/18 13:00,11.48638329
102502,6.5,7/25/18 13:30,11.40904171
102502,6.5,7/25/18 14:00,11.36194829
102502,6.5,7/25/18 14:30,11.41932748
102502,6.5,7/25/18 15:00,11.44411173
102502,6.5,7/25/18 15:30,11.46651458
102502,6.5,7/25/18 16:00,11.47633356
102502,6.5,7/25/18 16:30,11.53453408
102502,6.5,7/25/18 17:00,11.34797588
102502,6.5,7/25/18 17:30,11.41915123
102502,6.5,7/25/18 18:00,11.39408167
102502,6.5,7/25/18 18:30,11.46205336
102502,6.5,7/25/18 19:00,11.4589585
102502,6.5,7/25/18 19:30,11.46775355
102502,6.5,7/25/18 20:00,11.43797164
102502,6.5,7/25/18 20:30,11.48686326
102502,6.5,7/25/18 21:00,11.51350381
102502,6.5,7/25/18 21:30,11.49543932
102502,6.5,7/25/18 22:00,11.40078808
102502,6.5,7/25/18 22:30,11.39159498
102502,6.5,7/25/18 23:00,11.42843878
102502,6.5,7/25/18 23:30,11.45917886
102502,6.5,7/26/18 0:00,11.47765586
102502,6.5,7/26/18 0:30,11.47016296
102502,6.5,7/26/18 1:00,11.37486458
102502,6.5,7/26/18 1:30,11.41170979
102502,6.5,7/26/18 2:00,11.43728127
102502,6.5,7/26/18 2:30,11.43532276
102502,6.5,7/26/18 3:00,11.48312637
102502,6.5,7/26/18 3:30,11.47896837
102502,6.5,7/26/18 4:00,11.51082928
102502,6.5,7/26/18 4:30,11.51681518
102502,6.5,7/26/18 5:00,11.35746526
102502,6.5,7/26/18 5:30,11.41971424
102502,6.5,7/26/18 6:00,11.44075277
102502,6.5,7/26/18 6:30,11.4147157
102502,6.5,7/26/18 7:00,11.43921042
102502,6.5,7/26/18 7:30,11.34112955
102502,6.5,7/26/18 8:00,11.34988448
102502,6.5,7/26/18 8:30,11.34702648
102502,6.5,7/26/18 9:00,11.3600102
102502,6.5,7/26/18 9:30,11.33788999
102502,6.5,7/26/18 10:00,11.34798077
102502,6.5,7/26/18 10:30,11.36848708
102502,6.5,7/26/18 11:00,11.37338643
102502,6.5,7/26/18 11:30,11.40186015
102502,6.5,7/26/18 12:00,11.44695661
102502,6.5,7/26/18 12:30,11.46171547
102502,6.5,7/26/18 13:00,11.45394904
102502,6.5,7/26/18 13:30,11.50774824
102502,6.5,7/26/18 14:00,11.44142358
102502,6.5,7/26/18 14:30,11.46194563
102502,6.5,7/26/18 15:00,11.46024149
102502,6.5,7/26/18 15:30,11.51128483
102502,6.5,7/26/18 16:00,11.6288714
102502,6.5,7/26/18 16:30,11.56892384
102502,6.5,7/26/18 17:00,11.47174477
102502,6.5,7/26/18 17:30,11.52233102
102502,6.5,7/26/18 18:00,11.5329615
102502,6.5,7/26/18 18:30,11.5349407
102502,6.5,7/26/18 19:00,11.50670001
102502,6.5,7/26/18 19:30,11.54356813
102502,6.5,7/26/18 20:00,11.54175051
102502,6.5,7/26/18 20:30,11.54766399
102502,6.5,7/26/18 21:00,11.57201578
102502,6.5,7/26/18 21:30,11.647151
102502,6.5,7/26/18 22:00,11.61722035
102502,6.5,7/26/18 22:30,11.57039385
102502,6.5,7/26/18 23:00,11.48626574
102502,6.5,7/26/18 23:30,11.47030008
102502,6.5,7/27/18 0:00,11.51566893
102502,6.5,7/27/18 0:30,11.60404588
102502,6.5,7/27/18 1:00,11.58074309
102502,6.5,7/27/18 1:30,11.57954741
102502,6.5,7/27/18 2:00,11.54500363
102502,6.5,7/27/18 2:30,11.55062816
102502,6.5,7/27/18 3:00,11.53269695
102502,6.5,7/27/18 3:30,11.55671344
102502,6.5,7/27/18 4:00,11.39477678
102502,6.5,7/27/18 4:30,11.57589671
102502,6.5,7/27/18 5:00,11.54238251
102502,6.5,7/27/18 5:30,11.51569832
102502,6.5,7/27/18 6:00,11.5187893
102502,6.5,7/27/18 6:30,11.53812021
102502,6.5,7/27/18 7:00,11.39110059
102502,6.5,7/27/18 7:30,11.36148334
102502,6.5,7/27/18 8:00,11.40759754
102502,6.5,7/27/18 8:30,11.48214686
102502,6.5,7/27/18 9:00,11.34854845
102502,6.5,7/27/18 9:30,11.37458069
102502,6.5,7/27/18 10:00,11.43012793
102502,6.5,7/27/18 10:30,11.33961742
102502,6.5,7/27/18 11:00,11.38065494
102502,6.5,7/27/18 11:30,11.40885568
102502,6.5,7/27/18 12:00,11.46892397
102502,6.5,7/27/18 12:30,11.47219042
102502,6.5,7/27/18 13:00,11.61100548
102502,6.5,7/27/18 13:30,11.54269116
102502,6.5,7/27/18 14:00,11.57031545
102502,6.5,7/27/18 14:30,11.55606178
102502,6.5,7/27/18 15:00,11.50797356
102502,6.5,7/27/18 15:30,11.61330907
102502,6.5,7/27/18 16:00,11.67340966
102502,6.5,7/27/18 16:30,11.70383582
102502,6.5,7/27/18 17:00,11.74325836
102502,6.5,7/27/18 17:30,11.75996109
102502,6.5,7/27/18 18:00,11.78351457
102502,6.5,7/27/18 18:30,11.57088386
102502,6.5,7/27/18 19:00,11.60222761
102502,6.5,7/27/18 19:30,11.64171447
102502,6.5,7/27/18 20:00,11.60272751
102502,6.5,7/27/18 20:30,11.68803608
102502,6.5,7/27/18 21:00,11.79387211
102502,6.5,7/27/18 21:30,11.72219228
102502,6.5,7/27/18 22:00,11.67137981
102502,6.5,7/27/18 22:30,11.66911955
102502,6.5,7/27/18 23:00,11.58846623
102502,6.5,7/27/18 23:30,11.64078797
102502,6.5,7/28/18 0:00,11.56817414
102502,6.5,7/28/18 0:30,11.61168675
102502,6.5,7/28/18 1:00,11.61890645
102502,6.5,7/28/18 1:30,11.63802321
102502,6.5,7/28/18 2:00,11.51292089
102502,6.5,7/28/18 2:30,11.38939224
102502,6.5,7/28/18 3:00,11.45639254
102502,6.5,7/28/18 3:30,11.44460627
102502,6.5,7/28/18 4:00,11.38901533
102502,6.5,7/28/18 4:30,11.37844744
102502,6.5,7/28/18 5:00,11.4448462
102502,6.5,7/28/18 5:30,11.29896601
102502,6.5,7/28/18 6:00,11.35165118
102502,6.5,7/28/18 6:30,11.27249957
102502,6.5,7/28/18 7:00,11.22593092
102502,6.5,7/28/18 7:30,11.27190278
102502,6.5,7/28/18 8:00,11.19536765
102502,6.5,7/28/18 8:30,11.14135881
102502,6.5,7/28/18 9:00,11.14788968
102502,6.5,7/28/18 9:30,11.09659224
102502,6.5,7/28/18 10:00,11.07082415
102502,6.5,7/28/18 10:30,11.08277682
102502,6.5,7/28/18 11:00,11.13777572
102502,6.5,7/28/18 11:30,11.08487815
102502,6.5,7/28/18 12:00,11.3514701
102502,6.5,7/28/18 12:30,11.41076005
102502,6.5,7/28/18 13:00,11.3897251
102502,6.5,7/28/18 13:30,11.36955895
102502,6.5,7/28/18 14:00,11.32116461
102502,6.5,7/28/18 14:30,11.3232393
102502,6.5,7/28/18 15:00,11.32182518
102502,6.5,7/28/18 15:30,11.34018997
102502,6.5,7/28/18 16:00,11.35240974
102502,6.5,7/28/18 16:30,11.45533972
102502,6.5,7/28/18 17:00,11.47174477
102502,6.5,7/28/18 17:30,11.52403577
102502,6.5,7/28/18 18:00,11.51334216
102502,6.5,7/28/18 18:30,11.45345447
102502,6.5,7/28/18 19:00,11.36887863
102502,6.5,7/28/18 19:30,11.38883911
102502,6.5,7/28/18 20:00,11.4382948
102502,6.5,7/28/18 20:30,11.44389628
102502,6.5,7/28/18 21:00,11.42036539
102502,6.5,7/28/18 21:30,11.3545533
102502,6.5,7/28/18 22:00,11.28259648
102502,6.5,7/28/18 22:30,11.23248923
102502,6.5,7/28/18 23:00,11.31818964
102502,6.5,7/28/18 23:30,11.28190181
102502,6.5,7/29/18 0:00,11.24799342
102502,6.5,7/29/18 0:30,11.1951525
102502,6.5,7/29/18 1:00,11.15298354
102502,6.5,7/29/18 1:30,11.13109855
102502,6.5,7/29/18 2:00,11.073629
102502,6.5,7/29/18 2:30,11.08438458
102502,6.5,7/29/18 3:00,11.03241551
102502,6.5,7/29/18 3:30,10.98385018
102502,6.5,7/29/18 4:00,10.94248009
102502,6.5,7/29/18 4:30,10.83599134
102502,6.5,7/29/18 5:00,10.87355586
102502,6.5,7/29/18 5:30,10.74735983
102502,6.5,7/29/18 6:00,10.78300003
102502,6.5,7/29/18 6:30,10.75172609
102502,6.5,7/29/18 7:00,10.70277562
102502,6.5,7/29/18 7:30,10.67426432
102502,6.5,7/29/18 8:00,10.55998002
102502,6.5,7/29/18 8:30,10.59073287
102502,6.5,7/29/18 9:00,10.57830739
102502,6.5,7/29/18 9:30,10.64907755
102502,6.5,7/29/18 10:00,10.60221332
102502,6.5,7/29/18 10:30,10.65145712
102502,6.5,7/29/18 11:00,10.69801533
102502,6.5,7/29/18 11:30,10.68956805
102502,6.5,7/29/18 12:00,10.68523724
102502,6.5,7/29/18 12:30,10.771856
102502,6.5,7/29/18 13:00,10.80896447
102502,6.5,7/29/18 13:30,10.81015518
102502,6.5,7/29/18 14:00,10.86094734
102502,6.5,7/29/18 14:30,10.91974029
102502,6.5,7/29/18 15:00,11.02831663
102502,6.5,7/29/18 15:30,10.989389
102502,6.5,7/29/18 16:00,11.0453527
102502,6.5,7/29/18 16:30,11.05247635
102502,6.5,7/29/18 17:00,11.10893754
102502,6.5,7/29/18 17:30,11.15555985
102502,6.5,7/29/18 18:00,11.07485553
102502,6.5,7/29/18 18:30,11.12569736
102502,6.5,7/29/18 19:00,11.07166462
102502,6.5,7/29/18 19:30,11.07843742
102502,6.5,7/29/18 20:00,11.06306949
102502,6.5,7/29/18 20:30,11.02678752
102502,6.5,7/29/18 21:00,11.02521933
102502,6.5,7/29/18 21:30,11.03533705
102502,6.5,7/29/18 22:00,11.03076422
102502,6.5,7/29/18 22:30,10.99055148
102502,6.5,7/29/18 23:00,11.00032546
102502,6.5,7/29/18 23:30,10.96943729
102502,6.5,7/30/18 0:00,10.94362765
102502,6.5,7/30/18 0:30,10.96858749
102502,6.5,7/30/18 1:00,10.94777845
102502,6.5,7/30/18 1:30,10.92257225
102502,6.5,7/30/18 2:00,10.86862072
102502,6.5,7/30/18 2:30,10.89825294
102502,6.5,7/30/18 3:00,10.87059769
102502,6.5,7/30/18 3:30,10.8508728
102502,6.5,7/30/18 4:00,10.83042755
102502,6.5,7/30/18 4:30,10.82571797
102502,6.5,7/30/18 5:00,10.81931995
102502,6.5,7/30/18 5:30,10.81949076
102502,6.5,7/30/18 6:00,10.78369777
102502,6.5,7/30/18 6:30,10.74324246
102502,6.5,7/30/18 7:00,10.75209686
102502,6.5,7/30/18 7:30,10.75231152
102502,6.5,7/30/18 8:00,10.77366613
102502,6.5,7/30/18 8:30,10.78150209
102502,6.5,7/30/18 9:00,10.74563286
102502,6.5,7/30/18 9:30,10.72499823
102502,6.5,7/30/18 10:00,10.74104721
102502,6.5,7/30/18 10:30,10.83035434
102502,6.5,7/30/18 11:00,10.81699212
102502,6.5,7/30/18 11:30,10.8865118
102502,6.5,7/30/18 12:00,10.94062448
102502,6.5,7/30/18 12:30,10.89551409
102502,6.5,7/30/18 13:00,10.9678891
102502,6.5,7/30/18 13:30,10.8718327
102502,6.5,7/30/18 14:00,10.92764057
102502,6.5,7/30/18 14:30,10.87629441
102502,6.5,7/30/18 15:00,10.97025778
102502,6.5,7/30/18 15:30,10.94070261
102502,6.5,7/30/18 16:00,10.96843121
102502,6.5,7/30/18 16:30,10.968524
102502,6.5,7/30/18 17:00,10.97242137
102502,6.5,7/30/18 17:30,10.96941287
102502,6.5,7/30/18 18:00,10.94497055
102502,6.5,7/30/18 18:30,10.93630293
102502,6.5,7/30/18 19:00,10.94332977
102502,6.5,7/30/18 19:30,10.96254624
102502,6.5,7/30/18 20:00,10.97615275
102502,6.5,7/30/18 20:30,10.96587697
102502,6.5,7/30/18 21:00,10.94401831
102502,6.5,7/30/18 21:30,10.97847757
102502,6.5,7/30/18 22:00,11.00213768
102502,6.5,7/30/18 22:30,10.98975532
102502,6.5,7/30/18 23:00,10.9655058
102502,6.5,7/30/18 23:30,10.97826756
102502,6.5,7/31/18 0:00,10.92587787
102502,6.5,7/31/18 0:30,10.94857932
102502,6.5,7/31/18 1:00,10.95682261
102502,6.5,7/31/18 1:30,10.99195332
102502,6.5,7/31/18 2:00,10.98197952
102502,6.5,7/31/18 2:30,11.0281603
102502,6.5,7/31/18 3:00,10.98101733
102502,6.5,7/31/18 3:30,10.99858652
102502,6.5,7/31/18 4:00,10.98165716
102502,6.5,7/31/18 4:30,11.02060766
102502,6.5,7/31/18 5:00,11.02798931
102502,6.5,7/31/18 5:30,11.01872688
102502,6.5,7/31/18 6:00,10.89495266
102502,6.5,7/31/18 6:30,10.91360778
102502,6.5,7/31/18 7:00,10.89194047
102502,6.5,7/31/18 7:30,10.81937851
102502,6.5,7/31/18 8:00,10.72123738
102502,6.5,7/31/18 8:30,10.63968632
102502,6.5,7/31/18 9:00,10.76087359
102502,6.5,7/31/18 9:30,10.68611023
102502,6.5,7/31/18 10:00,10.85324496
102502,6.5,7/31/18 10:30,10.72190565
102502,6.5,7/31/18 11:00,10.86838642
102502,6.5,7/31/18 11:30,10.78912853
102502,6.5,7/31/18 12:00,10.87127133
102502,6.5,7/31/18 12:30,10.84495718
102502,6.5,7/31/18 13:00,10.93675217
102502,6.5,7/31/18 13:30,10.814962
102502,6.5,7/31/18 14:00,10.82939778
102502,6.5,7/31/18 14:30,10.88574536
102502,6.5,7/31/18 15:00,10.9535946
102502,6.5,7/31/18 15:30,10.82416115
102502,6.5,7/31/18 16:00,10.87229156
102502,6.5,7/31/18 16:30,10.93893979
102502,6.5,7/31/18 17:00,10.91705974
102502,6.5,7/31/18 17:30,10.91441828
102502,6.5,7/31/18 18:00,10.90132381
102502,6.5,7/31/18 18:30,10.96533975
102502,6.5,7/31/18 19:00,11.04244567
102502,6.5,7/31/18 19:30,10.88101494
102502,6.5,7/31/18 20:00,10.92145411
102502,6.5,7/31/18 20:30,10.93486243
102502,6.5,7/31/18 21:00,10.85610525
102502,6.5,7/31/18 21:30,10.836782
102502,6.5,7/31/18 22:00,10.92317282
102502,6.5,7/31/18 22:30,10.96221903
102502,6.5,7/31/18 23:00,10.94591302
102502,6.5,7/31/18 23:30,10.94393529
102502,6.5,8/1/18 0:00,10.90889623
102502,6.5,8/1/18 0:30,10.87950651
102502,6.5,8/1/18 1:00,10.90884253
102502,6.5,8/1/18 1:30,10.91548755
102502,6.5,8/1/18 2:00,10.89127164
102502,6.5,8/1/18 2:30,10.92130274
102502,6.5,8/1/18 3:00,10.90443379
102502,6.5,8/1/18 3:30,10.90833476
102502,6.5,8/1/18 4:00,10.92152735
102502,6.5,8/1/18 4:30,10.9270058
102502,6.5,8/1/18 5:00,10.9256435
102502,6.5,8/1/18 5:30,10.88616031
102502,6.5,8/1/18 6:00,10.89926842
102502,6.5,8/1/18 6:30,10.91377379
102502,6.5,8/1/18 7:00,10.90399927
102502,6.5,8/1/18 7:30,10.90905735
102502,6.5,8/1/18 8:00,10.8760064
102502,6.5,8/1/18 8:30,10.89890226
102502,6.5,8/1/18 9:00,10.82664524
102502,6.5,8/1/18 9:30,10.76299099
102502,6.5,8/1/18 10:00,10.78474683
102502,6.5,8/1/18 10:30,10.84715355
102502,6.5,8/1/18 11:00,10.85443593
102502,6.5,8/1/18 11:30,10.93851496
102502,6.5,8/1/18 12:00,10.87494222
102502,6.5,8/1/18 12:30,10.89311702
102502,6.5,8/1/18 13:00,10.93862239
102502,6.5,8/1/18 13:30,11.04823047
102502,6.5,8/1/18 14:00,11.08227837
102502,6.5,8/1/18 14:30,11.08932033
102502,6.5,8/1/18 15:00,11.06634331
102502,6.5,8/1/18 15:30,10.90705558
102502,6.5,8/1/18 16:00,10.89486478
102502,6.5,8/1/18 16:30,11.3125383
102502,6.5,8/1/18 17:00,11.1982086
102502,6.5,8/1/18 17:30,11.17820065
102502,6.5,8/1/18 18:00,11.42614255
102502,6.5,8/1/18 18:30,11.34292063
102502,6.5,8/1/18 19:00,11.20210091
102502,6.5,8/1/18 19:30,11.34493194
102502,6.5,8/1/18 20:00,11.32761383
102502,6.5,8/1/18 20:30,11.35814553
102502,6.5,8/1/18 21:00,11.28264051
102502,6.5,8/1/18 21:30,11.26272607
102502,6.5,8/1/18 22:00,11.16601211
102502,6.5,8/1/18 22:30,11.24631088
102502,6.5,8/1/18 23:00,11.22477675
102502,6.5,8/1/18 23:30,11.179819
102502,6.5,8/2/18 0:00,11.33560961
102502,6.5,8/2/18 0:30,11.30392707
102502,6.5,8/2/18 1:00,11.25735526
102502,6.5,8/2/18 1:30,11.25234657
102502,6.5,8/2/18 2:00,11.23757074
102502,6.5,8/2/18 2:30,11.10182154
102502,6.5,8/2/18 3:00,11.08720429
102502,6.5,8/2/18 3:30,11.0863833
102502,6.5,8/2/18 4:00,11.05518321
102502,6.5,8/2/18 4:30,10.97331513
102502,6.5,8/2/18 5:00,11.01274756
102502,6.5,8/2/18 5:30,10.99645195
102502,6.5,8/2/18 6:00,10.96746909
102502,6.5,8/2/18 6:30,10.92733295
102502,6.5,8/2/18 7:00,10.84368817
102502,6.5,8/2/18 7:30,10.84544526
102502,6.5,8/2/18 8:00,10.77981875
102502,6.5,8/2/18 8:30,10.82644026
102502,6.5,8/2/18 9:00,10.7334811
102502,6.5,8/2/18 9:30,10.70859931
102502,6.5,8/2/18 10:00,10.75743408
102502,6.5,8/2/18 10:30,10.81150205
102502,6.5,8/2/18 11:00,10.9368303
102502,6.5,8/2/18 11:30,10.95809723
102502,6.5,8/2/18 12:00,10.72021792
102502,6.5,8/2/18 12:30,10.90121152
102502,6.5,8/2/18 13:00,10.89262882
102502,6.5,8/2/18 13:30,10.85391366
102502,6.5,8/2/18 14:00,10.91513113
102502,6.5,8/2/18 14:30,10.98301985
102502,6.5,8/2/18 15:00,11.02474057
102502,6.5,8/2/18 15:30,11.02931325
102502,6.5,8/2/18 16:00,11.06217041
102502,6.5,8/2/18 16:30,11.06983709
102502,6.5,8/2/18 17:00,11.03771145
102502,6.5,8/2/18 17:30,11.04142455
102502,6.5,8/2/18 18:00,11.03926019
102502,6.5,8/2/18 18:30,11.02331407
102502,6.5,8/2/18 19:00,11.09951477
102502,6.5,8/2/18 19:30,10.98658538
102502,6.5,8/2/18 20:00,10.99509893
102502,6.5,8/2/18 20:30,11.0090399
102502,6.5,8/2/18 21:00,11.03750136
102502,6.5,8/2/18 21:30,11.10370315
102502,6.5,8/2/18 22:00,11.04646179
102502,6.5,8/2/18 22:30,11.03920645
102502,6.5,8/2/18 23:00,11.05493891
102502,6.5,8/2/18 23:30,11.06888912
102502,6.5,8/3/18 0:00,11.03794596
102502,6.5,8/3/18 0:30,11.01711479
102502,6.5,8/3/18 1:00,11.05761649
102502,6.5,8/3/18 1:30,11.03588423
102502,6.5,8/3/18 2:00,11.09568812
102502,6.5,8/3/18 2:30,11.07925838
102502,6.5,8/3/18 3:00,11.09452011
102502,6.5,8/3/18 3:30,11.09146571
102502,6.5,8/3/18 4:00,11.0839692
102502,6.5,8/3/18 4:30,11.00690033
102502,6.5,8/3/18 5:00,10.99361404
102502,6.5,8/3/18 5:30,11.01643576
102502,6.5,8/3/18 6:00,11.01288923
102502,6.5,8/3/18 6:30,11.00169317
102502,6.5,8/3/18 7:00,10.95333089
102502,6.5,8/3/18 7:30,11.04736078
102502,6.5,8/3/18 8:00,11.0681757
102502,6.5,8/3/18 8:30,11.02470637
102502,6.5,8/3/18 9:00,11.05432327
102502,6.5,8/3/18 9:30,11.01553202
102502,6.5,8/3/18 10:00,10.88147382
102502,6.5,8/3/18 10:30,10.8851449
102502,6.5,8/3/18 11:00,10.88153729
102502,6.5,8/3/18 11:30,10.94740732
102502,6.5,8/3/18 12:00,10.97806242
102502,6.5,8/3/18 12:30,10.88398303
102502,6.5,8/3/18 13:00,10.95044966
102502,6.5,8/3/18 13:30,10.93271391
102502,6.5,8/3/18 14:00,10.92558979
102502,6.5,8/3/18 14:30,10.88627748
102502,6.5,8/3/18 15:00,10.90120176
102502,6.5,8/3/18 15:30,10.85797959
102502,6.5,8/3/18 16:00,10.8496184
102502,6.5,8/3/18 16:30,10.82502496
102502,6.5,8/3/18 17:00,10.82288252
102502,6.5,8/3/18 17:30,10.88848895
102502,6.5,8/3/18 18:00,10.87236966
102502,6.5,8/3/18 18:30,10.87237943
102502,6.5,8/3/18 19:00,10.83755314
102502,6.5,8/3/18 19:30,10.8313402
102502,6.5,8/3/18 20:00,10.79180737
102502,6.5,8/3/18 20:30,10.72761281
102502,6.5,8/3/18 21:00,10.69030449
102502,6.5,8/3/18 21:30,10.66672992
102502,6.5,8/3/18 22:00,10.59281442
102502,6.5,8/3/18 22:30,10.59568572
102502,6.5,8/3/18 23:00,10.52629294
102502,6.5,8/3/18 23:30,10.47395968
102502,6.5,8/4/18 0:00,10.46317785
102502,6.5,8/4/18 0:30,10.42240364
102502,6.5,8/4/18 1:00,10.37608016
102502,6.5,8/4/18 1:30,10.2693253
102502,6.5,8/4/18 2:00,10.31995534
102502,6.5,8/4/18 2:30,10.25120829
102502,6.5,8/4/18 3:00,10.20620901
102502,6.5,8/4/18 3:30,10.18494856
102502,6.5,8/4/18 4:00,10.11606583
102502,6.5,8/4/18 4:30,10.1585715
102502,6.5,8/4/18 5:00,10.16470204
102502,6.5,8/4/18 5:30,10.13321898
102502,6.5,8/4/18 6:00,10.08219605
102502,6.5,8/4/18 6:30,10.13154545
102502,6.5,8/4/18 7:00,10.04191643
102502,6.5,8/4/18 7:30,9.994904263
102502,6.5,8/4/18 8:00,10.01848704
102502,6.5,8/4/18 8:30,9.986697005
102502,6.5,8/4/18 9:00,9.951250356
102502,6.5,8/4/18 9:30,9.962422005
102502,6.5,8/4/18 10:00,9.971741812
102502,6.5,8/4/18 10:30,9.972641238
102502,6.5,8/4/18 11:00,9.951712186
102502,6.5,8/4/18 11:30,9.926084342
102502,6.5,8/4/18 12:00,9.948941221
102502,6.5,8/4/18 12:30,9.969077586
102502,6.5,8/4/18 13:00,10.01994584
102502,6.5,8/4/18 13:30,10.05802846
102502,6.5,8/4/18 14:00,10.02037862
102502,6.5,8/4/18 14:30,10.05974039
102502,6.5,8/4/18 15:00,10.0121219
102502,6.5,8/4/18 15:30,10.01016717
102502,6.5,8/4/18 16:00,10.05125379
102502,6.5,8/4/18 16:30,10.10378792
102502,6.5,8/4/18 17:00,10.06092222
102502,6.5,8/4/18 17:30,10.04120641
102502,6.5,8/4/18 18:00,10.08255598
102502,6.5,8/4/18 18:30,10.08600939
102502,6.5,8/4/18 19:00,10.09378217
102502,6.5,8/4/18 19:30,10.09130147
102502,6.5,8/4/18 20:00,10.08529925
102502,6.5,8/4/18 20:30,10.05276628
102502,6.5,8/4/18 21:00,10.0548332
102502,6.5,8/4/18 21:30,10.06016352
102502,6.5,8/4/18 22:00,10.09910846
102502,6.5,8/4/18 22:30,10.0896039
102502,6.5,8/4/18 23:00,10.07905398
102502,6.5,8/4/18 23:30,10.08952121
102502,6.5,8/5/18 0:00,10.12856815
102502,6.5,8/5/18 0:30,10.03867761
102502,6.5,8/5/18 1:00,10.08734212
102502,6.5,8/5/18 1:30,10.01942553
102502,6.5,8/5/18 2:00,10.04772792
102502,6.5,8/5/18 2:30,10.0941713
102502,6.5,8/5/18 3:00,9.95566937
102502,6.5,8/5/18 3:30,9.979511011
102502,6.5,8/5/18 4:00,9.990844359
102502,6.5,8/5/18 4:30,10.19352745
102502,6.5,8/5/18 5:00,10.197581
102502,6.5,8/5/18 5:30,10.21157674
102502,6.5,8/5/18 6:00,10.14408749
102502,6.5,8/5/18 6:30,10.00731776
102502,6.5,8/5/18 7:00,10.0432781
102502,6.5,8/5/18 7:30,10.04619114
102502,6.5,8/5/18 8:00,9.994413181
102502,6.5,8/5/18 8:30,10.08756101
102502,6.5,8/5/18 9:00,9.997077675
102502,6.5,8/5/18 9:30,9.949004418
102502,6.5,8/5/18 10:00,10.00599518
102502,6.5,8/5/18 10:30,9.981110582
102502,6.5,8/5/18 11:00,10.02382143
102502,6.5,8/5/18 11:30,9.999737335
102502,6.5,8/5/18 12:00,9.990149077
102502,6.5,8/5/18 12:30,10.00090429
102502,6.5,8/5/18 13:00,10.00141969
102502,6.5,8/5/18 13:30,10.02414237
102502,6.5,8/5/18 14:00,10.06034346
102502,6.5,8/5/18 14:30,10.0814081
102502,6.5,8/5/18 15:00,10.10682815
102502,6.5,8/5/18 15:30,10.1436399
102502,6.5,8/5/18 16:00,10.06813002
102502,6.5,8/5/18 16:30,10.02504685
102502,6.5,8/5/18 17:00,10.13824938
102502,6.5,8/5/18 17:30,10.10692057
102502,6.5,8/5/18 18:00,10.14268147
102502,6.5,8/5/18 18:30,10.12138288
102502,6.5,8/5/18 19:00,10.13529632
102502,6.5,8/5/18 19:30,10.20057863
102502,6.5,8/5/18 20:00,10.14448157
102502,6.5,8/5/18 20:30,10.17840876
102502,6.5,8/5/18 21:00,10.14829589
102502,6.5,8/5/18 21:30,10.14243821
102502,6.5,8/5/18 22:00,10.13142869
102502,6.5,8/5/18 22:30,10.15438238
102502,6.5,8/5/18 23:00,10.18183921
102502,6.5,8/5/18 23:30,10.16309154
102502,6.5,8/6/18 0:00,10.16979149
102502,6.5,8/6/18 0:30,10.15480567
102502,6.5,8/6/18 1:00,10.17135824
102502,6.5,8/6/18 1:30,10.15039768
102502,6.5,8/6/18 2:00,10.14766827
102502,6.5,8/6/18 2:30,10.08771665
102502,6.5,8/6/18 3:00,10.08857759
102502,6.5,8/6/18 3:30,10.14284202
102502,6.5,8/6/18 4:00,10.10149682
102502,6.5,8/6/18 4:30,10.05723572
102502,6.5,8/6/18 5:00,10.14407776
102502,6.5,8/6/18 5:30,10.14118301
102502,6.5,8/6/18 6:00,10.18254477
102502,6.5,8/6/18 6:30,10.12168936
102502,6.5,8/6/18 7:00,10.14140681
102502,6.5,8/6/18 7:30,10.07116494
102502,6.5,8/6/18 8:00,10.04024838
102502,6.5,8/6/18 8:30,10.09375298
102502,6.5,8/6/18 9:00,10.05155531
102502,6.5,8/6/18 9:30,10.07971547
102502,6.5,8/6/18 10:00,10.07749756
102502,6.5,8/6/18 10:30,10.04875406
102502,6.5,8/6/18 11:00,10.13310222
102502,6.5,8/6/18 11:30,10.1589802
102502,6.5,8/6/18 12:00,10.15497109
102502,6.5,8/6/18 12:30,10.21586906
102502,6.5,8/6/18 13:00,10.20759595
102502,6.5,8/6/18 13:30,10.19795083
102502,6.5,8/6/18 14:00,10.23510762
102502,6.5,8/6/18 14:30,10.15943755
102502,6.5,8/6/18 15:00,10.17073057
102502,6.5,8/6/18 15:30,10.2691744
102502,6.5,8/6/18 16:00,10.23754601
102502,6.5,8/6/18 16:30,10.31928344
102502,6.5,8/6/18 17:00,10.37816453
102502,6.5,8/6/18 17:30,10.17890021
102502,6.5,8/6/18 18:00,10.20271981
102502,6.5,8/6/18 18:30,10.21104629
102502,6.5,8/6/18 19:00,10.2599989
102502,6.5,8/6/18 19:30,10.28779911
102502,6.5,8/6/18 20:00,10.34004493
102502,6.5,8/6/18 20:30,10.32873884
102502,6.5,8/6/18 21:00,10.31209235
102502,6.5,8/6/18 21:30,10.33089095
102502,6.5,8/6/18 22:00,10.19943018
102502,6.5,8/6/18 22:30,10.2058197
102502,6.5,8/6/18 23:00,10.27224596
102502,6.5,8/6/18 23:30,10.28791108
102502,6.5,8/7/18 0:00,10.29580732
102502,6.5,8/7/18 0:30,10.31784229
102502,6.5,8/7/18 1:00,10.33495663
102502,6.5,8/7/18 1:30,10.35027056
102502,6.5,8/7/18 2:00,10.32581746
102502,6.5,8/7/18 2:30,10.24466178
102502,6.5,8/7/18 3:00,10.27465554
102502,6.5,8/7/18 3:30,10.26458904
102502,6.5,8/7/18 4:00,10.28958085
102502,6.5,8/7/18 4:30,10.28813988
102502,6.5,8/7/18 5:00,10.2802439
102502,6.5,8/7/18 5:30,10.28426487
102502,6.5,8/7/18 6:00,10.30300277
102502,6.5,8/7/18 6:30,10.33445024
102502,6.5,8/7/18 7:00,10.32681072
102502,6.5,8/7/18 7:30,10.28504863
102502,6.5,8/7/18 8:00,10.24139103
102502,6.5,8/7/18 8:30,10.24961667
102502,6.5,8/7/18 9:00,10.21641899
102502,6.5,8/7/18 9:30,10.21627786
102502,6.5,8/7/18 10:00,10.25852404
102502,6.5,8/7/18 10:30,10.25741425
102502,6.5,8/7/18 11:00,10.2994391
102502,6.5,8/7/18 11:30,10.28878247
102502,6.5,8/7/18 12:00,10.31026174
102502,6.5,8/7/18 12:30,10.31202419
102502,6.5,8/7/18 13:00,10.35391294
102502,6.5,8/7/18 13:30,10.45774086
102502,6.5,8/7/18 14:00,10.44191782
102502,6.5,8/7/18 14:30,10.4346205
102502,6.5,8/7/18 15:00,10.51713614
102502,6.5,8/7/18 15:30,10.34678893
102502,6.5,8/7/18 16:00,10.42009479
102502,6.5,8/7/18 16:30,10.44316491
102502,6.5,8/7/18 17:00,10.3902767
102502,6.5,8/7/18 17:30,10.48506848
102502,6.5,8/7/18 18:00,10.42754263
102502,6.5,8/7/18 18:30,10.50103594
102502,6.5,8/7/18 19:00,10.324386
102502,6.5,8/7/18 19:30,10.29929791
102502,6.5,8/7/18 20:00,10.37383509
102502,6.5,8/7/18 20:30,10.45231861
102502,6.5,8/7/18 21:00,10.5037647
102502,6.5,8/7/18 21:30,10.53363229
102502,6.5,8/7/18 22:00,10.4947794
102502,6.5,8/7/18 22:30,10.46408403
102502,6.5,8/7/18 23:00,10.38921497
102502,6.5,8/7/18 23:30,10.42139047
102502,6.5,8/8/18 0:00,10.38674087
102502,6.5,8/8/18 0:30,10.37833499
102502,6.5,8/8/18 1:00,10.41484395
102502,6.5,8/8/18 1:30,10.44421228
102502,6.5,8/8/18 2:00,10.45541215
102502,6.5,8/8/18 2:30,10.47320449
102502,6.5,8/8/18 3:00,10.41284203
102502,6.5,8/8/18 3:30,10.44719366
102502,6.5,8/8/18 4:00,10.46000138
102502,6.5,8/8/18 4:30,10.44019333
102502,6.5,8/8/18 5:00,10.45720496
102502,6.5,8/8/18 5:30,10.4591683
102502,6.5,8/8/18 6:00,10.43498585
102502,6.5,8/8/18 6:30,10.43033381
102502,6.5,8/8/18 7:00,10.4235045
102502,6.5,8/8/18 7:30,10.43876601
102502,6.5,8/8/18 8:00,10.44180577
102502,6.5,8/8/18 8:30,10.41434225
102502,6.5,8/8/18 9:00,10.44763697
102502,6.5,8/8/18 9:30,10.4742179
102502,6.5,8/8/18 10:00,10.4779695
102502,6.5,8/8/18 10:30,10.47158207
102502,6.5,8/8/18 11:00,10.47974788
102502,6.5,8/8/18 11:30,10.45602599
102502,6.5,8/8/18 12:00,10.50335539
102502,6.5,8/8/18 12:30,10.54105475
102502,6.5,8/8/18 13:00,10.53431458
102502,6.5,8/8/18 13:30,10.47743355
102502,6.5,8/8/18 14:00,10.46901449
102502,6.5,8/8/18 14:30,10.55134818
102502,6.5,8/8/18 15:00,10.57248243
102502,6.5,8/8/18 15:30,10.49444319
102502,6.5,8/8/18 16:00,10.55290783
102502,6.5,8/8/18 16:30,10.58998215
102502,6.5,8/8/18 17:00,10.61534713
102502,6.5,8/8/18 17:30,10.62136828
102502,6.5,8/8/18 18:00,10.48691513
102502,6.5,8/8/18 18:30,10.46507304
102502,6.5,8/8/18 19:00,10.51680964
102502,6.5,8/8/18 19:30,10.55832283
102502,6.5,8/8/18 20:00,10.55858603
102502,6.5,8/8/18 20:30,10.51470447
102502,6.5,8/8/18 21:00,10.517833
102502,6.5,8/8/18 21:30,10.46837138
102502,6.5,8/8/18 22:00,10.49049154
102502,6.5,8/8/18 22:30,10.53634197
102502,6.5,8/8/18 23:00,10.54860906
102502,6.5,8/8/18 23:30,10.57217047
102502,6.5,8/9/18 0:00,10.58171469
102502,6.5,8/9/18 0:30,10.5673254
102502,6.5,8/9/18 1:00,10.55909781
102502,6.5,8/9/18 1:30,10.54627451
102502,6.5,8/9/18 2:00,10.51474345
102502,6.5,8/9/18 2:30,10.52606876
102502,6.5,8/9/18 3:00,10.49620221
102502,6.5,8/9/18 3:30,10.51974328
102502,6.5,8/9/18 4:00,10.54147389
102502,6.5,8/9/18 4:30,10.56468844
102502,6.5,8/9/18 5:00,10.53931486
102502,6.5,8/9/18 5:30,10.54559218
102502,6.5,8/9/18 6:00,10.52846645
102502,6.5,8/9/18 6:30,10.52766235
102502,6.5,8/9/18 7:00,10.53292564
102502,6.5,8/9/18 7:30,10.5629971
102502,6.5,8/9/18 8:00,10.53251139
102502,6.5,8/9/18 8:30,10.52827152
102502,6.5,8/9/18 9:00,10.56085736
102502,6.5,8/9/18 9:30,10.60423648
102502,6.5,8/9/18 10:00,10.61228055
102502,6.5,8/9/18 10:30,10.60865824
102502,6.5,8/9/18 11:00,10.59065487
102502,6.5,8/9/18 11:30,10.56338216
102502,6.5,8/9/18 12:00,10.60155031
102502,6.5,8/9/18 12:30,10.57286263
102502,6.5,8/9/18 13:00,10.58197792
102502,6.5,8/9/18 13:30,10.65341736
102502,6.5,8/9/18 14:00,10.63572711
102502,6.5,8/9/18 14:30,10.69445495
102502,6.5,8/9/18 15:00,10.62598542
102502,6.5,8/9/18 15:30,10.62719458
102502,6.5,8/9/18 16:00,10.68843657
102502,6.5,8/9/18 16:30,10.6493116
102502,6.5,8/9/18 17:00,10.65795719
102502,6.5,8/9/18 17:30,10.63774083
102502,6.5,8/9/18 18:00,10.66954858
102502,6.5,8/9/18 18:30,10.60249607
102502,6.5,8/9/18 19:00,10.63432775
102502,6.5,8/9/18 19:30,10.65509479
102502,6.5,8/9/18 20:00,10.57687916
102502,6.5,8/9/18 20:30,10.60700068
102502,6.5,8/9/18 21:00,10.64102232
102502,6.5,8/9/18 21:30,10.67515676
102502,6.5,8/9/18 22:00,10.64243635
102502,6.5,8/9/18 22:30,10.65181308
102502,6.5,8/9/18 23:00,10.64905805
102502,6.5,8/9/18 23:30,10.61859414
102502,6.5,8/10/18 0:00,10.65803521
102502,6.5,8/10/18 0:30,10.66738825
102502,6.5,8/10/18 1:00,10.67943859
102502,6.5,8/10/18 1:30,10.69092876
102502,6.5,8/10/18 2:00,10.61236343
102502,6.5,8/10/18 2:30,10.58298209
102502,6.5,8/10/18 3:00,10.62341112
102502,6.5,8/10/18 3:30,10.65686976
102502,6.5,8/10/18 4:00,10.6720503
102502,6.5,8/10/18 4:30,10.61238293
102502,6.5,8/10/18 5:00,10.64175859
102502,6.5,8/10/18 5:30,10.6491702
102502,6.5,8/10/18 6:00,10.68991432
102502,6.5,8/10/18 6:30,10.71239406
102502,6.5,8/10/18 7:00,10.60675204
102502,6.5,8/10/18 7:30,10.62910096
102502,6.5,8/10/18 8:00,10.63972532
102502,6.5,8/10/18 8:30,10.63934013
102502,6.5,8/10/18 9:00,10.67582488
102502,6.5,8/10/18 9:30,10.6772489
102502,6.5,8/10/18 10:00,10.72133494
102502,6.5,8/10/18 10:30,10.71718882
102502,6.5,8/10/18 11:00,10.70291706
102502,6.5,8/10/18 11:30,10.67549814
102502,6.5,8/10/18 12:00,10.78015054
102502,6.5,8/10/18 12:30,10.66502313
102502,6.5,8/10/18 13:00,10.75730723
102502,6.5,8/10/18 13:30,10.69806898
102502,6.5,8/10/18 14:00,10.8131271
102502,6.5,8/10/18 14:30,10.78745488
102502,6.5,8/10/18 15:00,10.74803794
102502,6.5,8/10/18 15:30,10.7699044
102502,6.5,8/10/18 16:00,10.7827951
102502,6.5,8/10/18 16:30,10.87029016
102502,6.5,8/10/18 17:00,10.82411723
102502,6.5,8/10/18 17:30,10.77141689
102502,6.5,8/10/18 18:00,10.70349747
102502,6.5,8/10/18 18:30,10.74869653
102502,6.5,8/10/18 19:00,10.76641595
102502,6.5,8/10/18 19:30,10.75380437
102502,6.5,8/10/18 20:00,10.78601546
102502,6.5,8/10/18 20:30,10.83104737
102502,6.5,8/10/18 21:00,10.82079377
102502,6.5,8/10/18 21:30,10.84172123
102502,6.5,8/10/18 22:00,10.80916943
102502,6.5,8/10/18 22:30,10.76398627
102502,6.5,8/10/18 23:00,10.81169725
102502,6.5,8/10/18 23:30,10.77185112
102502,6.5,8/11/18 0:00,10.70739456
102502,6.5,8/11/18 0:30,10.77060697
102502,6.5,8/11/18 1:00,10.82616696
102502,6.5,8/11/18 1:30,10.82870964
102502,6.5,8/11/18 2:00,10.79456919
102502,6.5,8/11/18 2:30,10.79265152
102502,6.5,8/11/18 3:00,10.80836424
102502,6.5,8/11/18 3:30,10.76472785
102502,6.5,8/11/18 4:00,10.76123462
102502,6.5,8/11/18 4:30,10.76075162
102502,6.5,8/11/18 5:00,10.82160877
102502,6.5,8/11/18 5:30,10.78624967
102502,6.5,8/11/18 6:00,10.78208272
102502,6.5,8/11/18 6:30,10.78690839
102502,6.5,8/11/18 7:00,10.7730221
102502,6.5,8/11/18 7:30,10.80853504
102502,6.5,8/11/18 8:00,10.79705291
102502,6.5,8/11/18 8:30,10.83578636
102502,6.5,8/11/18 9:00,10.87204749
102502,6.5,8/11/18 9:30,10.85388925
102502,6.5,8/11/18 10:00,10.88248434
102502,6.5,8/11/18 10:30,10.88429059
102502,6.5,8/11/18 11:00,10.80838376
102502,6.5,8/11/18 11:30,10.8502334
102502,6.5,8/11/18 12:00,10.8890406
102502,6.5,8/11/18 12:30,10.96158904
102502,6.5,8/11/18 13:00,10.88170326
102502,6.5,8/11/18 13:30,10.93307525
102502,6.5,8/11/18 14:00,10.76956775
102502,6.5,8/11/18 14:30,10.90473161
102502,6.5,8/11/18 15:00,10.95180725
102502,6.5,8/11/18 15:30,10.97261672
102502,6.5,8/11/18 16:00,11.01151167
102502,6.5,8/11/18 16:30,11.03978784
102502,6.5,8/11/18 17:00,11.0262257
102502,6.5,8/11/18 17:30,11.02820915
102502,6.5,8/11/18 18:00,10.98690774
102502,6.5,8/11/18 18:30,10.92784565
102502,6.5,8/11/18 19:00,10.86975321
102502,6.5,8/11/18 19:30,10.91700115
102502,6.5,8/11/18 20:00,10.97463381
102502,6.5,8/11/18 20:30,10.90773423
102502,6.5,8/11/18 21:00,10.96589162
102502,6.5,8/11/18 21:30,10.94363253
102502,6.5,8/11/18 22:00,11.00073577
102502,6.5,8/11/18 22:30,10.9604023
102502,6.5,8/11/18 23:00,10.99304255
102502,6.5,8/11/18 23:30,10.95624147
102502,6.5,8/12/18 0:00,11.00039384
102502,6.5,8/12/18 0:30,10.92447651
102502,6.5,8/12/18 1:00,10.94602045
102502,6.5,8/12/18 1:30,10.93270414
102502,6.5,8/12/18 2:00,10.94361788
102502,6.5,8/12/18 2:30,10.97104898
102502,6.5,8/12/18 3:00,10.97730539
102502,6.5,8/12/18 3:30,10.9806559
102502,6.5,8/12/18 4:00,10.96854354
102502,6.5,8/12/18 4:30,10.95811188
102502,6.5,8/12/18 5:00,10.95069871
102502,6.5,8/12/18 5:30,10.91913484
102502,6.5,8/12/18 6:00,10.91620529
102502,6.5,8/12/18 6:30,10.9784092
102502,6.5,8/12/18 7:00,10.92562397
102502,6.5,8/12/18 7:30,10.9681919
102502,6.5,8/12/18 8:00,10.90908665
102502,6.5,8/12/18 8:30,10.91117632
102502,6.5,8/12/18 9:00,11.02013868
102502,6.5,8/12/18 9:30,11.05949766
102502,6.5,8/12/18 10:00,10.99153814
102502,6.5,8/12/18 10:30,10.94233848
102502,6.5,8/12/18 11:00,11.04596343
102502,6.5,8/12/18 11:30,10.96119346
102502,6.5,8/12/18 12:00,11.0798008
102502,6.5,8/12/18 12:30,10.98622882
102502,6.5,8/12/18 13:00,11.06673422
102502,6.5,8/12/18 13:30,10.95869303
102502,6.5,8/12/18 14:00,11.03328513
102502,6.5,8/12/18 14:30,11.24061287
102502,6.5,8/12/18 15:00,11.28249375
102502,6.5,8/12/18 15:30,11.01105248
102502,6.5,8/12/18 16:00,11.09179314
102502,6.5,8/12/18 16:30,11.1671268
102502,6.5,8/12/18 17:00,11.30347695
102502,6.5,8/12/18 17:30,11.19926479
102502,6.5,8/12/18 18:00,11.24382624
102502,6.5,8/12/18 18:30,11.23399069
102502,6.5,8/12/18 19:00,11.3124649
102502,6.5,8/12/18 19:30,11.14939045
102502,6.5,8/12/18 20:00,11.09550241
102502,6.5,8/12/18 20:30,11.15780376
102502,6.5,8/12/18 21:00,11.11286709
102502,6.5,8/12/18 21:30,11.14677512
102502,6.5,8/12/18 22:00,11.19410122
102502,6.5,8/12/18 22:30,11.17424528
102502,6.5,8/12/18 23:00,11.18617032
102502,6.5,8/12/18 23:30,11.19616956
102502,6.5,8/13/18 0:00,11.25002325
102502,6.5,8/13/18 0:30,11.24253991
102502,6.5,8/13/18 1:00,11.22564727
102502,6.5,8/13/18 1:30,11.24811081
102502,6.5,8/13/18 2:00,11.09665089
102502,6.5,8/13/18 2:30,11.11236856
102502,6.5,8/13/18 3:00,11.12566803
102502,6.5,8/13/18 3:30,11.29454815
102502,6.5,8/13/18 4:00,11.17731569
102502,6.5,8/13/18 4:30,11.22587712
102502,6.5,8/13/18 5:00,11.24958304
102502,6.5,8/13/18 5:30,11.33054002
102502,6.5,8/13/18 6:00,11.41297775
102502,6.5,8/13/18 6:30,11.22556413
102502,6.5,8/13/18 7:00,11.23918473
102502,6.5,8/13/18 7:30,11.53778707
102502,6.5,8/13/18 8:00,11.36935828
102502,6.5,8/13/18 8:30,11.44706923
102502,6.5,8/13/18 9:00,11.5832864
102502,6.5,8/13/18 9:30,11.37872643
102502,6.5,8/13/18 10:00,11.31304226
102502,6.5,8/13/18 10:30,11.51032475
102502,6.5,8/13/18 11:00,11.2673535
102502,6.5,8/13/18 11:30,11.33075044
102502,6.5,8/13/18 12:00,11.50432928
102502,6.5,8/13/18 12:30,11.48709835
102502,6.5,8/13/18 13:00,11.55774237
102502,6.5,8/13/18 13:30,11.53996229
102502,6.5,8/13/18 14:00,11.42469824
102502,6.5,8/13/18 14:30,11.51578649
102502,6.5,8/13/18 15:00,11.42989781
102502,6.5,8/13/18 15:30,11.46239615
102502,6.5,8/13/18 16:00,11.61435796
102502,6.5,8/13/18 16:30,11.49855932
102502,6.5,8/13/18 17:00,11.52082713
102502,6.5,8/13/18 17:30,11.55472418
102502,6.5,8/13/18 18:00,11.50048915
102502,6.5,8/13/18 18:30,11.55783546
102502,6.5,8/13/18 19:00,11.59716498
102502,6.5,8/13/18 19:30,11.55842343
102502,6.5,8/13/18 20:00,11.56928644
102502,6.5,8/13/18 20:30,11.56764494
102502,6.5,8/13/18 21:00,11.53432832
102502,6.5,8/13/18 21:30,11.62253847
102502,6.5,8/13/18 22:00,11.37853554
102502,6.5,8/13/18 22:30,11.71111833
102502,6.5,8/13/18 23:00,11.60757466
102502,6.5,8/13/18 23:30,11.60699632
102502,6.5,8/14/18 0:00,11.60589848
102502,6.5,8/14/18 0:30,11.56440609
102502,6.5,8/14/18 1:00,11.65288186
102502,6.5,8/14/18 1:30,11.57184918
102502,6.5,8/14/18 2:00,11.61095157
102502,6.5,8/14/18 2:30,11.58827511
102502,6.5,8/14/18 3:00,11.65249457
102502,6.5,8/14/18 3:30,11.57804792
102502,6.5,8/14/18 4:00,11.5037268
102502,6.5,8/14/18 4:30,11.5460031
102502,6.5,8/14/18 5:00,11.59292091
102502,6.5,8/14/18 5:30,11.61621067
102502,6.5,8/14/18 6:00,11.55571391
102502,6.5,8/14/18 6:30,11.56368581
102502,6.5,8/14/18 7:00,11.59127428
102502,6.5,8/14/18 7:30,11.59448915
102502,6.5,8/14/18 8:00,11.57245679
102502,6.5,8/14/18 8:30,11.57543609
102502,6.5,8/14/18 9:00,11.57865555
102502,6.5,8/14/18 9:30,11.6036636
102502,6.5,8/14/18 10:00,11.61290717
102502,6.5,8/14/18 10:30,11.60979978
102502,6.5,8/14/18 11:00,11.59772367
102502,6.5,8/14/18 11:30,11.57751379
102502,6.5,8/14/18 12:00,11.619078
102502,6.5,8/14/18 12:30,11.68027406
102502,6.5,8/14/18 13:00,11.64008207
102502,6.5,8/14/18 13:30,11.68939435
102502,6.5,8/14/18 14:00,11.61349042
102502,6.5,8/14/18 14:30,11.61678413
102502,6.5,8/14/18 15:00,11.67162986
102502,6.5,8/14/18 15:30,11.68957087
102502,6.5,8/14/18 16:00,11.67178185
102502,6.5,8/14/18 16:30,11.64672451
102502,6.5,8/14/18 17:00,11.65371038
102502,6.5,8/14/18 17:30,11.64275862
102502,6.5,8/14/18 18:00,11.62665583
102502,6.5,8/14/18 18:30,11.65797068
102502,6.5,8/14/18 19:00,11.66564832
102502,6.5,8/14/18 19:30,11.61519608
102502,6.5,8/14/18 20:00,11.63368499
102502,6.5,8/14/18 20:30,11.64920507
102502,6.5,8/14/18 21:00,11.65832367
102502,6.5,8/14/18 21:30,11.65027869
102502,6.5,8/14/18 22:00,11.62069059
102502,6.5,8/14/18 22:30,11.62031807
102502,6.5,8/14/18 23:00,11.69165979
102502,6.5,8/14/18 23:30,11.67188482
102502,6.5,8/15/18 0:00,11.62972921
102502,6.5,8/15/18 0:30,11.64045953
102502,6.5,8/15/18 1:00,11.59779228
102502,6.5,8/15/18 1:30,11.61847512
102502,6.5,8/15/18 2:00,11.6229698
102502,6.5,8/15/18 2:30,11.63975853
102502,6.5,8/15/18 3:00,11.6780529
102502,6.5,8/15/18 3:30,11.66327537
102502,6.5,8/15/18 4:00,11.65324465
102502,6.5,8/15/18 4:30,11.60137484
102502,6.5,8/15/18 5:00,11.65286716
102502,6.5,8/15/18 5:30,11.60428113
102502,6.5,8/15/18 6:00,11.58045397
102502,6.5,8/15/18 6:30,11.71173625
102502,6.5,8/15/18 7:00,11.74109522
102502,6.5,8/15/18 7:30,12.01628529
102502,6.5,8/15/18 8:00,11.67519928
102502,6.5,8/15/18 8:30,11.6313272
102502,6.5,8/15/18 9:00,11.82246056
102502,6.5,8/15/18 9:30,11.87178328
102502,6.5,8/15/18 10:00,11.88509206
102502,6.5,8/15/18 10:30,11.84240086
102502,6.5,8/15/18 11:00,11.66942843
102502,6.5,8/15/18 11:30,11.71826874
102502,6.5,8/15/18 12:00,11.73055463
102502,6.5,8/15/18 12:30,11.72465434
102502,6.5,8/15/18 13:00,11.73223205
102502,6.5,8/15/18 13:30,11.76923784
102502,6.5,8/15/18 14:00,11.81826963
102502,6.5,8/15/18 14:30,11.85889775
102502,6.5,8/15/18 15:00,11.8935855
102502,6.5,8/15/18 15:30,11.97539118
102502,6.5,8/15/18 16:00,11.97779324
102502,6.5,8/15/18 16:30,12.01492428
102502,6.5,8/15/18 17:00,12.02253039
102502,6.5,8/15/18 17:30,12.09270297
102502,6.5,8/15/18 18:00,11.936914
102502,6.5,8/15/18 18:30,11.94991386
102502,6.5,8/15/18 19:00,11.97066084
102502,6.5,8/15/18 19:30,11.99593025
102502,6.5,8/15/18 20:00,12.01038928
102502,6.5,8/15/18 20:30,11.98944549
102502,6.5,8/15/18 21:00,12.00699918
102502,6.5,8/15/18 21:30,12.01183378
102502,6.5,8/15/18 22:00,11.99970824
102502,6.5,8/15/18 22:30,11.96820977
102502,6.5,8/15/18 23:00,11.93404602
102502,6.5,8/15/18 23:30,12.02723772
102502,6.5,8/16/18 0:00,11.98441016
102502,6.5,8/16/18 0:30,11.95793433
102502,6.5,8/16/18 1:00,11.97265022
102502,6.5,8/16/18 1:30,12.0177839
102502,6.5,8/16/18 2:00,12.06711812
102502,6.5,8/16/18 2:30,12.03686411
102502,6.5,8/16/18 3:00,12.00647347
102502,6.5,8/16/18 3:30,11.95691272
102502,6.5,8/16/18 4:00,11.95222713
102502,6.5,8/16/18 4:30,11.92056132
102502,6.5,8/16/18 5:00,11.8384499
102502,6.5,8/16/18 5:30,11.84579728
102502,6.5,8/16/18 6:00,11.80340104
102502,6.5,8/16/18 6:30,11.76077052
102502,6.5,8/16/18 7:00,11.70836712
102502,6.5,8/16/18 7:30,11.66996775
102502,6.5,8/16/18 8:00,11.65605378
102502,6.5,8/16/18 8:30,11.59906651
102502,6.5,8/16/18 9:00,11.51961227
102502,6.5,8/16/18 9:30,11.4863539
102502,6.5,8/16/18 10:00,11.44876835
102502,6.5,8/16/18 10:30,11.47964422
102502,6.5,8/16/18 11:00,11.51263679
102502,6.5,8/16/18 11:30,11.54276955
102502,6.5,8/16/18 12:00,11.56239225
102502,6.5,8/16/18 12:30,11.6055505
102502,6.5,8/16/18 13:00,11.6036685
102502,6.5,8/16/18 13:30,11.60563382
102502,6.5,8/16/18 14:00,11.58923562
102502,6.5,8/16/18 14:30,11.58228181
102502,6.5,8/16/18 15:00,11.57968462
102502,6.5,8/16/18 15:30,11.56414639
102502,6.5,8/16/18 16:00,11.58557001
102502,6.5,8/16/18 16:30,11.60486925
102502,6.5,8/16/18 17:00,11.5921515
102502,6.5,8/16/18 17:30,11.57248619
102502,6.5,8/16/18 18:00,11.6102556
102502,6.5,8/16/18 18:30,11.62504808
102502,6.5,8/16/18 19:00,11.62188166
102502,6.5,8/16/18 19:30,11.5728047
102502,6.5,8/16/18 20:00,11.64188604
102502,6.5,8/16/18 20:30,11.60872643
102502,6.5,8/16/18 21:00,11.62964098
102502,6.5,8/16/18 21:30,11.62101899
102502,6.5,8/16/18 22:00,11.56960495
102502,6.5,8/16/18 22:30,11.54151534
102502,6.5,8/16/18 23:00,11.63499379
102502,6.5,8/16/18 23:30,11.61315713
102502,6.5,8/17/18 0:00,11.64458713
102502,6.5,8/17/18 0:30,11.61152501
102502,6.5,8/17/18 1:00,11.58791246
102502,6.5,8/17/18 1:30,11.61642633
102502,6.5,8/17/18 2:00,11.62581274
102502,6.5,8/17/18 2:30,11.61643613
102502,6.5,8/17/18 3:00,11.62089155
102502,6.5,8/17/18 3:30,11.60758446
102502,6.5,8/17/18 4:00,11.59370013
102502,6.5,8/17/18 4:30,11.60997133
102502,6.5,8/17/18 5:00,11.61211316
102502,6.5,8/17/18 5:30,11.59403828
102502,6.5,8/17/18 6:00,11.60340875
102502,6.5,8/17/18 6:30,11.60697182
102502,6.5,8/17/18 7:00,11.61231411
102502,6.5,8/17/18 7:30,11.56721375
102502,6.5,8/17/18 8:00,11.60484475
102502,6.5,8/17/18 8:30,11.6077707
102502,6.5,8/17/18 9:00,11.61814672
102502,6.5,8/17/18 9:30,11.59414609
102502,6.5,8/17/18 10:00,11.55385206
102502,6.5,8/17/18 10:30,11.52138067
102502,6.5,8/17/18 11:00,11.50820868
102502,6.5,8/17/18 11:30,11.55412643
102502,6.5,8/17/18 12:00,11.59534678
102502,6.5,8/17/18 12:30,11.56970295
102502,6.5,8/17/18 13:00,11.60236974
102502,6.5,8/17/18 13:30,11.62011221
102502,6.5,8/17/18 14:00,11.61131916
102502,6.5,8/17/18 14:30,11.6094371
102502,6.5,8/17/18 15:00,11.63631242
102502,6.5,8/17/18 15:30,11.69118904
102502,6.5,8/17/18 16:00,11.64106739
102502,6.5,8/17/18 16:30,11.69943214
102502,6.5,8/17/18 17:00,11.64956294
102502,6.5,8/17/18 17:30,11.63729281
102502,6.5,8/17/18 18:00,11.63965069
102502,6.5,8/17/18 18:30,11.64392534
102502,6.5,8/17/18 19:00,11.64046443
102502,6.5,8/17/18 19:30,11.65466146
102502,6.5,8/17/18 20:00,11.65843643
102502,6.5,8/17/18 20:30,11.67179656
102502,6.5,8/17/18 21:00,11.65562235
102502,6.5,8/17/18 21:30,11.63905754
102502,6.5,8/17/18 22:00,11.65223965
102502,6.5,8/17/18 22:30,11.64718042
102502,6.5,8/17/18 23:00,11.64214095
102502,6.5,8/17/18 23:30,11.64314099
102502,6.5,8/18/18 0:00,11.64834716
102502,6.5,8/18/18 0:30,11.61679393
102502,6.5,8/18/18 1:00,11.62564118
102502,6.5,8/18/18 1:30,11.67260066
102502,6.5,8/18/18 2:00,11.67970528
102502,6.5,8/18/18 2:30,11.66892343
102502,6.5,8/18/18 3:00,11.61960736
102502,6.5,8/18/18 3:30,11.63175365
102502,6.5,8/18/18 4:00,11.64352336
102502,6.5,8/18/18 4:30,11.6329301
102502,6.5,8/18/18 5:00,11.70029031
102502,6.5,8/18/18 5:30,11.60870682
102502,6.5,8/18/18 6:00,11.63124386
102502,6.5,8/18/18 6:30,11.64454792
102502,6.5,8/18/18 7:00,11.60185513
102502,6.5,8/18/18 7:30,11.60602591
102502,6.5,8/18/18 8:00,11.62415109
102502,6.5,8/18/18 8:30,11.57601431
102502,6.5,8/18/18 9:00,11.55248998
102502,6.5,8/18/18 9:30,11.6436263
102502,6.5,8/18/18 10:00,11.62756264
102502,6.5,8/18/18 10:30,11.59858622
102502,6.5,8/18/18 11:00,11.58845153
102502,6.5,8/18/18 11:30,11.54045711
102502,6.5,8/18/18 12:00,11.51618817
102502,6.5,8/18/18 12:30,11.45919355
102502,6.5,8/18/18 13:00,11.50285004
102502,6.5,8/18/18 13:30,11.54074127
102502,6.5,8/18/18 14:00,11.50033731
102502,6.5,8/18/18 14:30,11.48841583
102502,6.5,8/18/18 15:00,11.4720386
102502,6.5,8/18/18 15:30,11.48044741
102502,6.5,8/18/18 16:00,11.44021907
102502,6.5,8/18/18 16:30,11.48238194
102502,6.5,8/18/18 17:00,11.48113307
102502,6.5,8/18/18 17:30,11.47484966
102502,6.5,8/18/18 18:00,11.44607523
102502,6.5,8/18/18 18:30,11.44995333
102502,6.5,8/18/18 19:00,11.42969217
102502,6.5,8/18/18 19:30,11.41502413
102502,6.5,8/18/18 20:00,11.39242714
102502,6.5,8/18/18 20:30,11.36376895
102502,6.5,8/18/18 21:00,11.36131694
102502,6.5,8/18/18 21:30,11.30853598
102502,6.5,8/18/18 22:00,11.26803343
102502,6.5,8/18/18 22:30,11.27786104
102502,6.5,8/18/18 23:00,11.26372394
102502,6.5,8/18/18 23:30,11.21935816
102502,6.5,8/19/18 0:00,11.2171673
102502,6.5,8/19/18 0:30,11.18112934
102502,6.5,8/19/18 1:00,11.13748731
102502,6.5,8/19/18 1:30,11.09844936
102502,6.5,8/19/18 2:00,11.10877625
102502,6.5,8/19/18 2:30,11.08074882
102502,6.5,8/19/18 3:00,11.04297333
102502,6.5,8/19/18 3:30,10.97769612
102502,6.5,8/19/18 4:00,10.97675349
102502,6.5,8/19/18 4:30,10.95551382
102502,6.5,8/19/18 5:00,10.90656735
102502,6.5,8/19/18 5:30,10.83373164
102502,6.5,8/19/18 6:00,10.82928065
102502,6.5,8/19/18 6:30,10.75833176
102502,6.5,8/19/18 7:00,10.7357592
102502,6.5,8/19/18 7:30,10.72946157
102502,6.5,8/19/18 8:00,10.69723985
102502,6.5,8/19/18 8:30,10.68434476
102502,6.5,8/19/18 9:00,10.66209724
102502,6.5,8/19/18 9:30,10.64054936
102502,6.5,8/19/18 10:00,10.63302104
102502,6.5,8/19/18 10:30,10.6131581
102502,6.5,8/19/18 11:00,10.58157821
102502,6.5,8/19/18 11:30,10.63102198
102502,6.5,8/19/18 12:00,10.63490309
102502,6.5,8/19/18 12:30,10.60261795
102502,6.5,8/19/18 13:00,10.66876345
102502,6.5,8/19/18 13:30,10.64422097
102502,6.5,8/19/18 14:00,10.69052884
102502,6.5,8/19/18 14:30,10.71463778
102502,6.5,8/19/18 15:00,10.73222743
102502,6.5,8/19/18 15:30,10.73376891
102502,6.5,8/19/18 16:00,10.72882743
102502,6.5,8/19/18 16:30,10.77648626
102502,6.5,8/19/18 17:00,10.77380275
102502,6.5,8/19/18 17:30,10.7679333
102502,6.5,8/19/18 18:00,10.77043133
102502,6.5,8/19/18 18:30,10.78886992
102502,6.5,8/19/18 19:00,10.78625455
102502,6.5,8/19/18 19:30,10.76436682
102502,6.5,8/19/18 20:00,10.74255949
102502,6.5,8/19/18 20:30,10.73277866
102502,6.5,8/19/18 21:00,10.71227212
102502,6.5,8/19/18 21:30,10.6975081
102502,6.5,8/19/18 22:00,10.67714649
102502,6.5,8/19/18 22:30,10.66388691
102502,6.5,8/19/18 23:00,10.6414124
102502,6.5,8/19/18 23:30,10.61717052
102502,6.5,8/20/18 0:00,10.61249018
102502,6.5,8/20/18 0:30,10.57706439
102502,6.5,8/20/18 1:00,10.57199499
102502,6.5,8/20/18 1:30,10.55183069
102502,6.5,8/20/18 2:00,10.52788652
102502,6.5,8/20/18 2:30,10.52147814
102502,6.5,8/20/18 3:00,10.48608682
102502,6.5,8/20/18 3:30,10.46414737
102502,6.5,8/20/18 4:00,10.45263527
102502,6.5,8/20/18 4:30,10.40428418
102502,6.5,8/20/18 5:00,10.35419538
102502,6.5,8/20/18 5:30,10.37277344
102502,6.5,8/20/18 6:00,10.33374909
102502,6.5,8/20/18 6:30,10.25673281
102502,6.5,8/20/18 7:00,10.2928182
102502,6.5,8/20/18 7:30,10.26583029
102502,6.5,8/20/18 8:00,10.2658741
102502,6.5,8/20/18 8:30,10.21514394
102502,6.5,8/20/18 9:00,10.16646825
102502,6.5,8/20/18 9:30,10.21787899
102502,6.5,8/20/18 10:00,10.13920779
102502,6.5,8/20/18 10:30,10.15066527
102502,6.5,8/20/18 11:00,10.20356656
102502,6.5,8/20/18 11:30,10.14529892
102502,6.5,8/20/18 12:00,10.16605468
102502,6.5,8/20/18 12:30,10.20993186
102502,6.5,8/20/18 13:00,10.23932737
102502,6.5,8/20/18 13:30,10.23792564
102502,6.5,8/20/18 14:00,10.25760408
102502,6.5,8/20/18 14:30,10.27731827
102502,6.5,8/20/18 15:00,10.29959001
102502,6.5,8/20/18 15:30,10.30506214
102502,6.5,8/20/18 16:00,10.31293462
102502,6.5,8/20/18 16:30,10.30493069
102502,6.5,8/20/18 17:00,10.33458658
102502,6.5,8/20/18 17:30,10.33513192
102502,6.5,8/20/18 18:00,10.33452815
102502,6.5,8/20/18 18:30,10.28139761
102502,6.5,8/20/18 19:00,10.30760837
102502,6.5,8/20/18 19:30,10.33411428
102502,6.5,8/20/18 20:00,10.32246766
102502,6.5,8/20/18 20:30,10.28862182
102502,6.5,8/20/18 21:00,10.27086838
102502,6.5,8/20/18 21:30,10.28487338
102502,6.5,8/20/18 22:00,10.34940867
102502,6.5,8/20/18 22:30,10.32821786
102502,6.5,8/20/18 23:00,10.32832498
102502,6.5,8/20/18 23:30,10.2924044
102502,6.5,8/21/18 0:00,10.30090935
102502,6.5,8/21/18 0:30,10.32273058
102502,6.5,8/21/18 1:00,10.3338903
102502,6.5,8/21/18 1:30,10.2721194
102502,6.5,8/21/18 2:00,10.28985347
102502,6.5,8/21/18 2:30,10.31198524
102502,6.5,8/21/18 3:00,10.29885976
102502,6.5,8/21/18 3:30,10.29627954
102502,6.5,8/21/18 4:00,10.29325634
102502,6.5,8/21/18 4:30,10.30359186
102502,6.5,8/21/18 5:00,10.3197265
102502,6.5,8/21/18 5:30,10.31737975
102502,6.5,8/21/18 6:00,10.30186843
102502,6.5,8/21/18 6:30,10.30389857
102502,6.5,8/21/18 7:00,10.39942335
102502,6.5,8/21/18 7:30,10.46698773
102502,6.5,8/21/18 8:00,10.33518548
102502,6.5,8/21/18 8:30,10.39356419
102502,6.5,8/21/18 9:00,10.39450418
102502,6.5,8/21/18 9:30,10.37466299
102502,6.5,8/21/18 10:00,10.3914748
102502,6.5,8/21/18 10:30,7.100733019
102502,6.5,8/21/18 11:00,9.718840115
102502,6.5,8/21/18 11:30,10.25738992
102502,6.5,8/21/18 12:00,13.25626731
102502,6.5,8/21/18 12:30,15.73901904
102502,6.5,8/21/18 13:00,16.09397715
102502,6.5,8/21/18 13:30,15.92750972
102502,6.5,8/21/18 14:00,15.74165602
102502,6.5,8/21/18 14:30,15.70824796
102502,6.5,8/21/18 15:00,16.39060878
102502,6.5,8/21/18 15:30,16.7815213
102502,6.5,8/21/18 16:00,22.72535323
102502,6.5,8/21/18 16:30,22.78078075
102502,6.5,8/21/18 17:00,22.19063511
102502,6.5,8/21/18 17:30,21.72054228
102502,6.5,8/21/18 18:00,21.33139988
102502,6.5,8/21/18 18:30,21.00150792
102502,6.5,8/21/18 19:00,20.72951568
102502,6.5,8/21/18 19:30,20.47768237
102502,6.5,8/21/18 20:00,20.27830873
102502,6.5,8/21/18 20:30,20.0955537
102502,6.5,8/21/18 21:00,19.96507162
102502,6.5,8/21/18 21:30,19.83956325
102502,6.5,8/21/18 22:00,19.68937676
102502,6.5,8/21/18 22:30,19.53683804
102502,6.5,8/21/18 23:00,19.44784348
102502,6.5,8/21/18 23:30,19.33886214
102502,6.5,8/22/18 0:00,19.30159919
102502,6.5,8/22/18 0:30,19.23136262
102502,6.5,8/22/18 1:00,19.12522089
102502,6.5,8/22/18 1:30,19.09140434
102502,6.5,8/22/18 2:00,19.06032392
102502,6.5,8/22/18 2:30,19.02406727
102502,6.5,8/22/18 3:00,18.97997245
102502,6.5,8/22/18 3:30,18.92321405
102502,6.5,8/22/18 4:00,18.90453814
102502,6.5,8/22/18 4:30,18.87264788
102502,6.5,8/22/18 5:00,18.83886012
102502,6.5,8/22/18 5:30,18.81776324
102502,6.5,8/22/18 6:00,18.7792444
102502,6.5,8/22/18 6:30,18.74491612
102502,6.5,8/22/18 7:00,18.72067613
102502,6.5,8/22/18 7:30,18.70072227
102502,6.5,8/22/18 8:00,18.6923975
102502,6.5,8/22/18 8:30,18.68036398
102502,6.5,8/22/18 9:00,18.66413498
102502,6.5,8/22/18 9:30,18.35324392
102502,6.5,8/22/18 10:00,19.12965132
102502,6.5,8/22/18 10:30,19.6606085
102502,6.5,8/22/18 11:00,20.11021935
102502,6.5,8/22/18 11:30,21.06380785
102502,6.5,8/22/18 12:00,22.33721838