Time,Temperature
2019-07-25 11:00:00,5.672552614
2019-07-25 11:30:00,5.800918735
2019-07-25 12:00:00,5.843348147
2019-07-25 12:30:00,5.564669211
2019-07-25 13:00:00,5.817855403
2019-07-25 13:30:00,5.701066032
2019-07-25 14:00:00,5.510130358
2019-07-25 14:30:00,5.696582454
2019-07-25 15:00:00,5.581968475
2019-07-25 15:30:00,5.482881082
2019-07-25 16:00:00,5.574167801
2019-07-25 16:30:00,5.540465043
2019-07-25 17:00:00,5.753558978
2019-07-25 17:30:00,5.699090837
2019-07-25 18:00:00,5.499493643
2019-07-25 18:30:00,5.485581327
2019-07-25 19:00:00,5.744188775
2019-07-25 19:30:00,5.62784927
2019-07-25 20:00:00,5.611612279
2019-07-25 20:30:00,5.535213999
2019-07-25 21:00:00,5.662481459
2019-07-25 21:30:00,5.758913839
2019-07-25 22:00:00,5.843967022
2019-07-25 22:30:00,5.567286595
2019-07-25 23:00:00,5.850160704
2019-07-25 23:30:00,5.497073323
2019-07-26 00:00:00,5.415190266
2019-07-26 00:30:00,5.431266475
2019-07-26 01:00:00,5.568064177
2019-07-26 01:30:00,5.594855181
2019-07-26 02:00:00,5.550869981
2019-07-26 02:30:00,5.60598276
2019-07-26 03:00:00,5.639309584
2019-07-26 03:30:00,5.701126963
2019-07-26 04:00:00,5.697664009
2019-07-26 04:30:00,5.732426964
2019-07-26 05:00:00,5.827992138
2019-07-26 05:30:00,5.813106428
2019-07-26 06:00:00,5.741970499
2019-07-26 06:30:00,5.673177277
2019-07-26 07:00:00,5.74568622
2019-07-26 07:30:00,5.604306057
2019-07-26 08:00:00,5.547835497
2019-07-26 08:30:00,5.631832035
2019-07-26 09:00:00,5.786517515
2019-07-26 09:30:00,5.773840453
2019-07-26 10:00:00,5.753782312
2019-07-26 10:30:00,5.674325025
2019-07-26 11:00:00,5.819742775
2019-07-26 11:30:00,5.930255145
2019-07-26 12:00:00,5.847852687
2019-07-26 12:30:00,5.372767677
2019-07-26 13:00:00,5.374401316
2019-07-26 13:30:00,5.517370191
2019-07-26 14:00:00,5.726588861
2019-07-26 14:30:00,5.718978675
2019-07-26 15:00:00,5.88206355
2019-07-26 15:30:00,5.890243601
2019-07-26 16:00:00,5.813431149
2019-07-26 16:30:00,5.822167911
2019-07-26 17:00:00,5.921311637
2019-07-26 17:30:00,6.194066453
2019-07-26 18:00:00,6.093191403
2019-07-26 18:30:00,5.527476872
2019-07-26 19:00:00,5.627300615
2019-07-26 19:30:00,5.705925203
2019-07-26 20:00:00,5.528935876
2019-07-26 20:30:00,5.695505968
2019-07-26 21:00:00,5.879994379
2019-07-26 21:30:00,5.72833524
2019-07-26 22:00:00,5.781315888
2019-07-26 22:30:00,5.817520544
2019-07-26 23:00:00,5.971006437
2019-07-26 23:30:00,5.981817239
2019-07-27 00:00:00,6.040561581
2019-07-27 00:30:00,6.125778696
2019-07-27 01:00:00,5.518631023
2019-07-27 01:30:00,5.374238462
2019-07-27 02:00:00,5.630567112
2019-07-27 02:30:00,5.75743683
2019-07-27 03:00:00,5.83036641
2019-07-27 03:30:00,5.898083462
2019-07-27 04:00:00,5.762624062
2019-07-27 04:30:00,5.794068433
2019-07-27 05:00:00,5.765669319
2019-07-27 05:30:00,5.85922504
2019-07-27 06:00:00,5.851961441
2019-07-27 06:30:00,5.850378823
2019-07-27 07:00:00,5.884888329
2019-07-27 07:30:00,5.990458244
2019-07-27 08:00:00,5.529530658
2019-07-27 08:30:00,5.768963203
2019-07-27 09:00:00,5.923628685
2019-07-27 09:30:00,6.120720126
2019-07-27 10:00:00,6.117894549
2019-07-27 10:30:00,5.825146006
2019-07-27 11:00:00,5.796575172
2019-07-27 11:30:00,5.751031213
2019-07-27 12:00:00,5.943056031
2019-07-27 12:30:00,5.738498348
2019-07-27 13:00:00,5.877164438
2019-07-27 13:30:00,5.756015639
2019-07-27 14:00:00,5.981751353
2019-07-27 14:30:00,5.760492345
2019-07-27 15:00:00,5.817155243
2019-07-27 15:30:00,5.934823029
2019-07-27 16:00:00,6.019018301
2019-07-27 16:30:00,5.924723819
2019-07-27 17:00:00,6.032992383
2019-07-27 17:30:00,5.927993967
2019-07-27 18:00:00,6.188600042
2019-07-27 18:30:00,5.958750243
2019-07-27 19:00:00,6.00343659
2019-07-27 19:30:00,6.406781219
2019-07-27 20:00:00,5.799462438
2019-07-27 20:30:00,6.392930194
2019-07-27 21:00:00,6.703729685
2019-07-27 21:30:00,6.470946275
2019-07-27 22:00:00,6.564315828
2019-07-27 22:30:00,6.583450331
2019-07-27 23:00:00,6.905255189
2019-07-27 23:30:00,6.68277105
2019-07-28 00:00:00,6.957430702
2019-07-28 00:30:00,6.591494381
2019-07-28 01:00:00,6.70587941
2019-07-28 01:30:00,6.528682401
2019-07-28 02:00:00,6.804108863
2019-07-28 02:30:00,6.79606421
2019-07-28 03:00:00,6.882388594
2019-07-28 03:30:00,7.00639279
2019-07-28 04:00:00,6.881304681
2019-07-28 04:30:00,6.929142181
2019-07-28 05:00:00,6.995741811
2019-07-28 05:30:00,6.779449251
2019-07-28 06:00:00,7.02502304
2019-07-28 06:30:00,6.836631923
2019-07-28 07:00:00,6.851713954
2019-07-28 07:30:00,7.053025516
2019-07-28 08:00:00,6.843121733
2019-07-28 08:30:00,7.054032906
2019-07-28 09:00:00,7.051882123
2019-07-28 09:30:00,6.954376772
2019-07-28 10:00:00,7.065486563
2019-07-28 10:30:00,7.060243349
2019-07-28 11:00:00,7.085304751
2019-07-28 11:30:00,7.172778278
2019-07-28 12:00:00,7.053136329
2019-07-28 12:30:00,7.072265766
2019-07-28 13:00:00,7.16657135
2019-07-28 13:30:00,7.110342829
2019-07-28 14:00:00,7.322180933
2019-07-28 14:30:00,7.294331505
2019-07-28 15:00:00,7.336315515
2019-07-28 15:30:00,7.340746838
2019-07-28 16:00:00,7.326361046
2019-07-28 16:30:00,7.321366028
2019-07-28 17:00:00,7.283117235
2019-07-28 17:30:00,7.25928804
2019-07-28 18:00:00,7.244785904
2019-07-28 18:30:00,7.267031824
2019-07-28 19:00:00,7.243910309
2019-07-28 19:30:00,7.257189772
2019-07-28 20:00:00,7.253858665
2019-07-28 20:30:00,7.244624875
2019-07-28 21:00:00,7.329907285
2019-07-28 21:30:00,7.286030286
2019-07-28 22:00:00,7.290055161
2019-07-28 22:30:00,7.315716937
2019-07-28 23:00:00,7.322538082
2019-07-28 23:30:00,7.277607984
2019-07-29 00:00:00,7.27903185
2019-07-29 00:30:00,7.330118549
2019-07-29 01:00:00,7.24667295
2019-07-29 01:30:00,7.268933761
2019-07-29 02:00:00,7.211586139
2019-07-29 02:30:00,7.259403772
2019-07-29 03:00:00,7.292127941
2019-07-29 03:30:00,7.228813247
2019-07-29 04:00:00,7.185715058
2019-07-29 04:30:00,7.125831418
2019-07-29 05:00:00,7.006085462
2019-07-29 05:30:00,7.084675233
2019-07-29 06:00:00,7.007571718
2019-07-29 06:30:00,6.981694114
2019-07-29 07:00:00,6.999772525
2019-07-29 07:30:00,6.988607241
2019-07-29 08:00:00,6.882953235
2019-07-29 08:30:00,6.896836813
2019-07-29 09:00:00,6.877664704
2019-07-29 09:30:00,6.892793844
2019-07-29 10:00:00,6.913416118
2019-07-29 10:30:00,6.97159607
2019-07-29 11:00:00,6.903702606
2019-07-29 11:30:00,6.929268186
2019-07-29 12:00:00,6.90095027
2019-07-29 12:30:00,6.880059434
2019-07-29 13:00:00,6.909136589
2019-07-29 13:30:00,6.907921769
2019-07-29 14:00:00,6.871397929
2019-07-29 14:30:00,6.877826034
2019-07-29 15:00:00,6.851658489
2019-07-29 15:30:00,6.810625027
2019-07-29 16:00:00,6.934625835
2019-07-29 16:30:00,6.81941039
2019-07-29 17:00:00,6.902548243
2019-07-29 17:30:00,6.828069263
2019-07-29 18:00:00,6.962686775
2019-07-29 18:30:00,6.832032946
2019-07-29 19:00:00,6.945683386
2019-07-29 19:30:00,6.993313265
2019-07-29 20:00:00,6.955964217
2019-07-29 20:30:00,6.853988002
2019-07-29 21:00:00,6.889370862
2019-07-29 21:30:00,6.970049067
2019-07-29 22:00:00,6.928910332
2019-07-29 22:30:00,6.903173314
2019-07-29 23:00:00,6.903687484
2019-07-29 23:30:00,6.894049089
2019-07-30 00:00:00,6.906984186
2019-07-30 00:30:00,6.907442897
2019-07-30 01:00:00,6.903158191
2019-07-30 01:30:00,6.884193422
2019-07-30 02:00:00,6.908919837
2019-07-30 02:30:00,6.929263146
2019-07-30 03:00:00,6.952890105
2019-07-30 03:30:00,6.949175907
2019-07-30 04:00:00,6.960474505
2019-07-30 04:30:00,6.915235771
2019-07-30 05:00:00,6.889174253
2019-07-30 05:30:00,6.904100835
2019-07-30 06:00:00,6.985206134
2019-07-30 06:30:00,6.941913609
2019-07-30 07:00:00,6.954648906
2019-07-30 07:30:00,7.038317035
2019-07-30 08:00:00,6.889179295
2019-07-30 08:30:00,6.889063346
2019-07-30 09:00:00,6.874256572
2019-07-30 09:30:00,6.959486786
2019-07-30 10:00:00,7.038196139
2019-07-30 10:30:00,6.923083769
2019-07-30 11:00:00,6.952466781
2019-07-30 11:30:00,6.9129423
2019-07-30 12:00:00,6.741583312
2019-07-30 12:30:00,6.745538768
2019-07-30 13:00:00,6.771469098
2019-07-30 13:30:00,6.884334581
2019-07-30 14:00:00,6.879797275
2019-07-30 14:30:00,6.894074295
2019-07-30 15:00:00,6.918794377
2019-07-30 15:30:00,6.865438501
2019-07-30 16:00:00,6.885791537
2019-07-30 16:30:00,6.92100713
2019-07-30 17:00:00,6.890525306
2019-07-30 17:30:00,6.919091764
2019-07-30 18:00:00,6.881647501
2019-07-30 18:30:00,6.961195134
2019-07-30 19:00:00,6.815981021
2019-07-30 19:30:00,6.800537988
2019-07-30 20:00:00,6.818981722
2019-07-30 20:30:00,6.898409616
2019-07-30 21:00:00,7.129360997
2019-07-30 21:30:00,6.921748069
2019-07-30 22:00:00,6.948218368
2019-07-30 22:30:00,6.982858076
2019-07-30 23:00:00,6.820625783
2019-07-30 23:30:00,6.902548243
2019-07-31 00:00:00,6.848270053
2019-07-31 00:30:00,6.879419162
2019-07-31 01:00:00,6.870555957
2019-07-31 01:30:00,6.871614724
2019-07-31 02:00:00,6.892768638
2019-07-31 02:30:00,6.831957304
2019-07-31 03:00:00,6.891609166
2019-07-31 03:30:00,6.906863207
2019-07-31 04:00:00,6.988012681
2019-07-31 04:30:00,6.904509144
2019-07-31 05:00:00,6.923396271
2019-07-31 05:30:00,6.954024005
2019-07-31 06:00:00,7.061280923
2019-07-31 06:30:00,6.795126065
2019-07-31 07:00:00,7.04237709
2019-07-31 07:30:00,7.206985958
2019-07-31 08:00:00,7.466897691
2019-07-31 08:30:00,7.030065697
2019-07-31 09:00:00,6.901353545
2019-07-31 09:30:00,7.318086254
2019-07-31 10:00:00,7.219195839
2019-07-31 10:30:00,7.359285957
2019-07-31 11:00:00,7.233473326
2019-07-31 11:30:00,7.286704458
2019-07-31 12:00:00,7.193265325
2019-07-31 12:30:00,7.266855717
2019-07-31 13:00:00,7.109864456
2019-07-31 13:30:00,7.078128128
2019-07-31 14:00:00,7.161889598
2019-07-31 14:30:00,7.340600973
2019-07-31 15:00:00,7.364335398
2019-07-31 15:30:00,7.421530551
2019-07-31 16:00:00,7.488542279
2019-07-31 16:30:00,7.286810112
2019-07-31 17:00:00,7.328111537
2019-07-31 17:30:00,7.215859081
2019-07-31 18:00:00,7.307703316
2019-07-31 18:30:00,7.232743623
2019-07-31 19:00:00,7.243719086
2019-07-31 19:30:00,7.23774581
2019-07-31 20:00:00,7.33019903
2019-07-31 20:30:00,7.350363643
2019-07-31 21:00:00,7.408980508
2019-07-31 21:30:00,7.187466745
2019-07-31 22:00:00,7.280133704
2019-07-31 22:30:00,7.320088331
2019-07-31 23:00:00,7.284440439
2019-07-31 23:30:00,7.38184154
2019-08-01 00:00:00,7.380418371
2019-08-01 00:30:00,7.343005217
2019-08-01 01:00:00,7.137089598
2019-08-01 01:30:00,7.305831918
2019-08-01 02:00:00,7.241031888
2019-08-01 02:30:00,7.248570044
2019-08-01 03:00:00,7.256107923
2019-08-01 03:30:00,7.379080685
2019-08-01 04:00:00,7.257189772
2019-08-01 04:30:00,7.179065556
2019-08-01 05:00:00,7.176050305
2019-08-01 05:30:00,7.282659394
2019-08-01 06:00:00,7.279907296
2019-08-01 06:30:00,7.334575152
2019-08-01 07:00:00,7.264148695
2019-08-01 07:30:00,7.250930064
2019-08-01 08:00:00,7.311013437
2019-08-01 08:30:00,7.391798427
2019-08-01 09:00:00,7.270015543
2019-08-01 09:30:00,7.365798908
2019-08-01 10:00:00,7.089313473
2019-08-01 10:30:00,6.97266939
2019-08-01 11:00:00,7.13100744
2019-08-01 11:30:00,7.149218118
2019-08-01 12:00:00,7.148659286
2019-08-01 12:30:00,7.216915978
2019-08-01 13:00:00,7.259383644
2019-08-01 13:30:00,7.296580323
2019-08-01 14:00:00,7.360749503
2019-08-01 14:30:00,7.145719098
2019-08-01 15:00:00,7.496167138
2019-08-01 15:30:00,7.559603578
2019-08-01 16:00:00,6.976761054
2019-08-01 16:30:00,7.043329125
2019-08-01 17:00:00,7.246849074
2019-08-01 17:30:00,7.355378091
2019-08-01 18:00:00,7.304413266
2019-08-01 18:30:00,7.448619256
2019-08-01 19:00:00,7.281275803
2019-08-01 19:30:00,7.482807125
2019-08-01 20:00:00,7.23106278
2019-08-01 20:30:00,7.058022119
2019-08-01 21:00:00,7.195696451
2019-08-01 21:30:00,7.265602843
2019-08-01 22:00:00,7.383244584
2019-08-01 22:30:00,7.175944594
2019-08-01 23:00:00,7.320873059
2019-08-01 23:30:00,7.407944695
2019-08-02 00:00:00,7.01032756
2019-08-02 00:30:00,7.028987657
2019-08-02 01:00:00,7.210806028
2019-08-02 01:30:00,7.167432176
2019-08-02 02:00:00,7.030156373
2019-08-02 02:30:00,7.18247339
2019-08-02 03:00:00,7.274589154
2019-08-02 03:30:00,7.171298298
2019-08-02 04:00:00,7.26765071
2019-08-02 04:30:00,7.097063776
2019-08-02 05:00:00,7.313287228
2019-08-02 05:30:00,7.194412941
2019-08-02 06:00:00,7.182780445
2019-08-02 06:30:00,7.198041982
2019-08-02 07:00:00,7.371949565
2019-08-02 07:30:00,7.171127143
2019-08-02 08:00:00,7.18209083
2019-08-02 08:30:00,7.584580197
2019-08-02 09:00:00,7.762793891
2019-08-02 09:30:00,8.064673051
2019-08-02 10:00:00,7.841950867
2019-08-02 10:30:00,7.833915894
2019-08-02 11:00:00,7.629883755
2019-08-02 11:30:00,7.771614394
2019-08-02 12:00:00,7.975174546
2019-08-02 12:30:00,8.034480962
2019-08-02 13:00:00,8.0678821
2019-08-02 13:30:00,8.121076366
2019-08-02 14:00:00,8.177287185
2019-08-02 14:30:00,8.136506202
2019-08-02 15:00:00,8.138486249
2019-08-02 15:30:00,8.236753386
2019-08-02 16:00:00,7.892217366
2019-08-02 16:30:00,8.201434061
2019-08-02 17:00:00,7.971728579
2019-08-02 17:30:00,7.937286374
2019-08-02 18:00:00,8.050447457
2019-08-02 18:30:00,8.086809671
2019-08-02 19:00:00,8.081219287
2019-08-02 19:30:00,8.104352172
2019-08-02 20:00:00,8.200070907
2019-08-02 20:30:00,8.178089109
2019-08-02 21:00:00,7.880440769
2019-08-02 21:30:00,7.961480687
2019-08-02 22:00:00,7.991475788
2019-08-02 22:30:00,7.960713207
2019-08-02 23:00:00,8.008493164
2019-08-02 23:30:00,7.98818553
2019-08-03 00:00:00,8.000533809
2019-08-03 00:30:00,8.012816289
2019-08-03 01:00:00,8.056193949
2019-08-03 01:30:00,8.042815355
2019-08-03 02:00:00,8.03118123
2019-08-03 02:30:00,7.996125211
2019-08-03 03:00:00,7.977973419
2019-08-03 03:30:00,7.965634068
2019-08-03 04:00:00,7.962564185
2019-08-03 04:30:00,8.002088586
2019-08-03 05:00:00,7.961530849
2019-08-03 05:30:00,8.052282738
2019-08-03 06:00:00,7.975094291
2019-08-03 06:30:00,8.001787662
2019-08-03 07:00:00,7.928928431
2019-08-03 07:30:00,7.873365507
2019-08-03 08:00:00,7.904811227
2019-08-03 08:30:00,7.97439206
2019-08-03 09:00:00,7.958380655
2019-08-03 09:30:00,8.00067424
2019-08-03 10:00:00,8.015995896
2019-08-03 10:30:00,7.934562297
2019-08-03 11:00:00,8.005208142
2019-08-03 11:30:00,7.870981951
2019-08-03 12:00:00,7.883526724
2019-08-03 12:30:00,7.951382869
2019-08-03 13:00:00,8.018528519
2019-08-03 13:30:00,8.100451712
2019-08-03 14:00:00,8.095047122
2019-08-03 14:30:00,7.903717443
2019-08-03 15:00:00,7.877179149
2019-08-03 15:30:00,7.904334578
2019-08-03 16:00:00,7.895554049
2019-08-03 16:30:00,7.923535252
2019-08-03 17:00:00,7.896251486
2019-08-03 17:30:00,7.946411562
2019-08-03 18:00:00,7.988456376
2019-08-03 18:30:00,8.045362757
2019-08-03 19:00:00,8.056921027
2019-08-03 19:30:00,8.033538186
2019-08-03 20:00:00,7.983902111
2019-08-03 20:30:00,7.963667742
2019-08-03 21:00:00,7.91965209
2019-08-03 21:30:00,7.940833147
2019-08-03 22:00:00,7.890571587
2019-08-03 22:30:00,7.92503532
2019-08-03 23:00:00,8.002665356
2019-08-03 23:30:00,7.960166439
2019-08-04 00:00:00,7.942573907
2019-08-04 00:30:00,7.942508692
2019-08-04 01:00:00,7.893090427
2019-08-04 01:30:00,7.970118439
2019-08-04 02:00:00,7.990307149
2019-08-04 02:30:00,7.98964007
2019-08-04 03:00:00,7.877856566
2019-08-04 03:30:00,7.772312189
2019-08-04 04:00:00,7.947199152
2019-08-04 04:30:00,7.999365212
2019-08-04 05:00:00,7.976990306
2019-08-04 05:30:00,7.956323979
2019-08-04 06:00:00,7.846537859
2019-08-04 06:30:00,7.853006674
2019-08-04 07:00:00,7.961229877
2019-08-04 07:30:00,7.945222648
2019-08-04 08:00:00,7.880440769
2019-08-04 08:30:00,7.912542835
2019-08-04 09:00:00,7.964836504
2019-08-04 09:30:00,7.992318408
2019-08-04 10:00:00,8.019822404
2019-08-04 10:30:00,8.021301838
2019-08-04 11:00:00,7.81850767
2019-08-04 11:30:00,7.844706084
2019-08-04 12:00:00,7.819591799
2019-08-04 12:30:00,7.884590491
2019-08-04 13:00:00,7.861718476
2019-08-04 13:30:00,7.91205115
2019-08-04 14:00:00,7.892643862
2019-08-04 14:30:00,7.911950806
2019-08-04 15:00:00,7.912934176
2019-08-04 15:30:00,8.021326913
2019-08-04 16:00:00,8.024055068
2019-08-04 16:30:00,7.724621455
2019-08-04 17:00:00,7.751563213
2019-08-04 17:30:00,7.776855334
2019-08-04 18:00:00,7.820640789
2019-08-04 18:30:00,7.825910767
2019-08-04 19:00:00,7.876055134
2019-08-04 19:30:00,7.897656387
2019-08-04 20:00:00,7.920630411
2019-08-04 20:30:00,7.909251538
2019-08-04 21:00:00,8.015379035
2019-08-04 21:30:00,7.912146477
2019-08-04 22:00:00,7.942282945
2019-08-04 22:30:00,7.845228015
2019-08-04 23:00:00,7.900812369
2019-08-04 23:30:00,8.028739
2019-08-05 00:00:00,7.774395521
2019-08-05 00:30:00,7.76711131
2019-08-05 01:00:00,7.751116384
2019-08-05 01:30:00,7.75316978
2019-08-05 02:00:00,7.915397599
2019-08-05 02:30:00,7.908423689
2019-08-05 03:00:00,7.88733519
2019-08-05 03:30:00,7.811711677
2019-08-05 04:00:00,7.85790961
2019-08-05 04:30:00,7.90856919
2019-08-05 05:00:00,7.992870122
2019-08-05 05:30:00,8.030032833
2019-08-05 06:00:00,7.732569746
2019-08-05 06:30:00,7.681762286
2019-08-05 07:00:00,8.042008004
2019-08-05 07:30:00,7.905588914
2019-08-05 08:00:00,7.707142296
2019-08-05 08:30:00,8.03798124
2019-08-05 09:00:00,7.929997019
2019-08-05 09:30:00,8.290705803
2019-08-05 10:00:00,8.293255857
2019-08-05 10:30:00,8.52008476
2019-08-05 11:00:00,8.498573235
2019-08-05 11:30:00,8.562187266
2019-08-05 12:00:00,8.55315256
2019-08-05 12:30:00,8.639349437
2019-08-05 13:00:00,8.658889708
2019-08-05 13:30:00,8.625763109
2019-08-05 14:00:00,8.655076822
2019-08-05 14:30:00,8.463621849
2019-08-05 15:00:00,8.559434337
2019-08-05 15:30:00,8.633709805
2019-08-05 16:00:00,8.529891345
2019-08-05 16:30:00,8.453742994
2019-08-05 17:00:00,8.498763476
2019-08-05 17:30:00,8.537875543
2019-08-05 18:00:00,8.61428308
2019-08-05 18:30:00,8.591897315
2019-08-05 19:00:00,8.63453549
2019-08-05 19:30:00,8.67127877
2019-08-05 20:00:00,8.666360229
2019-08-05 20:30:00,8.683697373
2019-08-05 21:00:00,8.493306507
2019-08-05 21:30:00,8.364182186
2019-08-05 22:00:00,8.493997395
2019-08-05 22:30:00,8.589104612
2019-08-05 23:00:00,8.585110702
2019-08-05 23:30:00,8.568378764
2019-08-06 00:00:00,8.558443276
2019-08-06 00:30:00,8.617846238
2019-08-06 01:00:00,8.581081706
2019-08-06 01:30:00,8.544823377
2019-08-06 02:00:00,8.512430498
2019-08-06 02:30:00,8.531092742
2019-08-06 03:00:00,8.519223728
2019-08-06 03:30:00,8.542746051
2019-08-06 04:00:00,8.474601862
2019-08-06 04:30:00,8.517406541
2019-08-06 05:00:00,8.567302643
2019-08-06 05:30:00,8.478437011
2019-08-06 06:00:00,8.489020963
2019-08-06 06:30:00,8.400682903
2019-08-06 07:00:00,8.464838532
2019-08-06 07:30:00,8.608162562
2019-08-06 08:00:00,8.524535057
2019-08-06 08:30:00,8.407103106
2019-08-06 09:00:00,8.349556556
2019-08-06 09:30:00,8.441545432
2019-08-06 10:00:00,8.506468148
2019-08-06 10:30:00,8.48398437
2019-08-06 11:00:00,8.530431974
2019-08-06 11:30:00,8.535302602
2019-08-06 12:00:00,8.60796238
2019-08-06 12:30:00,8.582663281
2019-08-06 13:00:00,8.402826325
2019-08-06 13:30:00,8.37767517
2019-08-06 14:00:00,8.47696504
2019-08-06 14:30:00,8.423122948
2019-08-06 15:00:00,8.392840246
2019-08-06 15:30:00,8.465884976
2019-08-06 16:00:00,8.540378383
2019-08-06 16:30:00,8.540328327
2019-08-06 17:00:00,8.629160997
2019-08-06 17:30:00,8.583008624
2019-08-06 18:00:00,8.455235108
2019-08-06 18:30:00,8.380079198
2019-08-06 19:00:00,8.449792361
2019-08-06 19:30:00,8.421104867
2019-08-06 20:00:00,8.446853136
2019-08-06 20:30:00,8.433829061
2019-08-06 21:00:00,8.489691835
2019-08-06 21:30:00,8.437749864
2019-08-06 22:00:00,8.491133704
2019-08-06 22:30:00,8.532509384
2019-08-06 23:00:00,8.553302724
2019-08-06 23:30:00,8.559859791
2019-08-07 00:00:00,8.506002569
2019-08-07 00:30:00,8.515053694
2019-08-07 01:00:00,8.314466998
2019-08-07 01:30:00,8.394317647
2019-08-07 02:00:00,8.434755437
2019-08-07 02:30:00,8.46979534
2019-08-07 03:00:00,8.393641549
2019-08-07 03:30:00,8.389504799
2019-08-07 04:00:00,8.518948397
2019-08-07 04:30:00,8.508791026
2019-08-07 05:00:00,8.526537419
2019-08-07 05:30:00,8.384176017
2019-08-07 06:00:00,8.392094031
2019-08-07 06:30:00,8.477085201
2019-08-07 07:00:00,8.504290435
2019-08-07 07:30:00,8.549348394
2019-08-07 08:00:00,8.513857239
2019-08-07 08:30:00,8.535137412
2019-08-07 09:00:00,8.532494367
2019-08-07 09:30:00,8.48320334
2019-08-07 10:00:00,8.405450493
2019-08-07 10:30:00,8.282033441
2019-08-07 11:00:00,8.561451485
2019-08-07 11:30:00,8.525936711
2019-08-07 12:00:00,8.560785778
2019-08-07 12:30:00,8.644398498
2019-08-07 13:00:00,8.589239743
2019-08-07 13:30:00,8.399230575
2019-08-07 14:00:00,8.353568661
2019-08-07 14:30:00,8.335275806
2019-08-07 15:00:00,8.421450396
2019-08-07 15:30:00,8.455785886
2019-08-07 16:00:00,8.473660591
2019-08-07 16:30:00,8.527208207
2019-08-07 17:00:00,8.532869801
2019-08-07 17:30:00,8.20486196
2019-08-07 18:00:00,8.304608075
2019-08-07 18:30:00,8.471157196
2019-08-07 19:00:00,8.547531387
2019-08-07 19:30:00,8.512665785
2019-08-07 20:00:00,8.525761505
2019-08-07 20:30:00,8.52579154
2019-08-07 21:00:00,8.611070198
2019-08-07 21:30:00,8.289508422
2019-08-07 22:00:00,8.273235551
2019-08-07 22:30:00,8.2910565
2019-08-07 23:00:00,8.38684042
2019-08-07 23:30:00,8.412216131
2019-08-08 00:00:00,8.406887766
2019-08-08 00:30:00,8.407298414
2019-08-08 01:00:00,8.488390142
2019-08-08 01:30:00,8.456476861
2019-08-08 02:00:00,8.474511741
2019-08-08 02:30:00,8.416092154
2019-08-08 03:00:00,8.423473482
2019-08-08 03:30:00,8.486577776
2019-08-08 04:00:00,8.43130029
2019-08-08 04:30:00,8.395940275
2019-08-08 05:00:00,8.372175879
2019-08-08 05:30:00,8.392925385
2019-08-08 06:00:00,8.435306253
2019-08-08 06:30:00,8.474536774
2019-08-08 07:00:00,8.490893393
2019-08-08 07:30:00,8.37488547
2019-08-08 08:00:00,8.258089099
2019-08-08 08:30:00,8.277404062
2019-08-08 09:00:00,8.350332935
2019-08-08 09:30:00,8.341211596
2019-08-08 10:00:00,8.411515036
2019-08-08 10:30:00,8.416713114
2019-08-08 11:00:00,8.416938462
2019-08-08 11:30:00,8.383875519
2019-08-08 12:00:00,8.399095358
2019-08-08 12:30:00,8.427194121
2019-08-08 13:00:00,8.419297095
2019-08-08 13:30:00,8.355512083
2019-08-08 14:00:00,8.288190796
2019-08-08 14:30:00,8.304928696
2019-08-08 15:00:00,8.353683865
2019-08-08 15:30:00,8.403447314
2019-08-08 16:00:00,8.386459793
2019-08-08 16:30:00,8.402035064
2019-08-08 17:00:00,8.306536804
2019-08-08 17:30:00,8.342173333
2019-08-08 18:00:00,8.343029877
2019-08-08 18:30:00,8.400322326
2019-08-08 19:00:00,8.464963705
2019-08-08 19:30:00,8.468188142
2019-08-08 20:00:00,8.224827111
2019-08-08 20:30:00,8.282930249
2019-08-08 21:00:00,8.345499313
2019-08-08 21:30:00,8.443528321
2019-08-08 22:00:00,8.457308032
2019-08-08 22:30:00,8.53956246
2019-08-08 23:00:00,8.600280279
2019-08-08 23:30:00,8.039049366
2019-08-09 00:00:00,8.211672527
2019-08-09 00:30:00,8.290841072
2019-08-09 01:00:00,8.374544894
2019-08-09 01:30:00,8.396721537
2019-08-09 02:00:00,8.415376045
2019-08-09 02:30:00,8.502067648
2019-08-09 03:00:00,8.44545111
2019-08-09 03:30:00,8.400662871
2019-08-09 04:00:00,8.306231214
2019-08-09 04:30:00,8.464813498
2019-08-09 05:00:00,8.470981957
2019-08-09 05:30:00,8.414104071
2019-08-09 06:00:00,8.402215351
2019-08-09 06:30:00,8.087807404
2019-08-09 07:00:00,8.180549997
2019-08-09 07:30:00,8.135719192
2019-08-09 08:00:00,8.212068426
2019-08-09 08:30:00,8.430709406
2019-08-09 09:00:00,8.525591304
2019-08-09 09:30:00,8.062446749
2019-08-09 10:00:00,8.143619264
2019-08-09 10:30:00,8.249054944
2019-08-09 11:00:00,8.102477151
2019-08-09 11:30:00,8.203042773
2019-08-09 12:00:00,8.171989418
2019-08-09 12:30:00,8.389003978
2019-08-09 13:00:00,8.231712343
2019-08-09 13:30:00,8.4410447
2019-08-09 14:00:00,8.342333622
2019-08-09 14:30:00,8.520139826
2019-08-09 15:00:00,8.140787095
2019-08-09 15:30:00,8.038778574
2019-08-09 16:00:00,8.384120926
2019-08-09 16:30:00,8.448931126
2019-08-09 17:00:00,8.355747497
2019-08-09 17:30:00,8.394257549
2019-08-09 18:00:00,8.280264867
2019-08-09 18:30:00,8.294067461
2019-08-09 19:00:00,8.203784482
2019-08-09 19:30:00,8.242540949
2019-08-09 20:00:00,8.307403476
2019-08-09 20:30:00,8.238391955
2019-08-09 21:00:00,8.28303546
2019-08-09 21:30:00,8.189140374
2019-08-09 22:00:00,8.190027462
2019-08-09 22:30:00,8.352581919
2019-08-09 23:00:00,8.371920445
2019-08-09 23:30:00,8.369766776
2019-08-10 00:00:00,8.449156449
2019-08-10 00:30:00,8.310624664
2019-08-10 01:00:00,8.331979761
2019-08-10 01:30:00,8.235505661
2019-08-10 02:00:00,8.148932632
2019-08-10 02:30:00,8.16498237
2019-08-10 03:00:00,8.259186405
2019-08-10 03:30:00,8.289052514
2019-08-10 04:00:00,8.240511558
2019-08-10 04:30:00,8.283045481
2019-08-10 05:00:00,8.310970326
2019-08-10 05:30:00,8.337279462
2019-08-10 06:00:00,8.308851262
2019-08-10 06:30:00,8.335591383
2019-08-10 07:00:00,8.236036822
2019-08-10 07:30:00,8.276296807
2019-08-10 08:00:00,8.320849063
2019-08-10 08:30:00,8.212053392
2019-08-10 09:00:00,8.262673706
2019-08-10 09:30:00,8.223584343
2019-08-10 10:00:00,8.283140672
2019-08-10 10:30:00,8.30966783
2019-08-10 11:00:00,8.373948886
2019-08-10 11:30:00,8.323754508
2019-08-10 12:00:00,8.206480675
2019-08-10 12:30:00,8.293992313
2019-08-10 13:00:00,8.349566574
2019-08-10 13:30:00,8.322912934
2019-08-10 14:00:00,8.168626258
2019-08-10 14:30:00,8.200341534
2019-08-10 15:00:00,8.249365608
2019-08-10 15:30:00,8.299142436
2019-08-10 16:00:00,8.336072261
2019-08-10 16:30:00,8.332410553
2019-08-10 17:00:00,8.296687622
2019-08-10 17:30:00,8.297574363
2019-08-10 18:00:00,8.282699784
2019-08-10 18:30:00,8.236823539
2019-08-10 19:00:00,8.193570776
2019-08-10 19:30:00,8.184549518
2019-08-10 20:00:00,8.346981967
2019-08-10 20:30:00,8.397738176
2019-08-10 21:00:00,8.3480088
2019-08-10 21:30:00,8.466005142
2019-08-10 22:00:00,8.491208801
2019-08-10 22:30:00,8.171162415
2019-08-10 23:00:00,8.071010885
2019-08-10 23:30:00,8.113140528
2019-08-11 00:00:00,8.164380898
2019-08-11 00:30:00,8.239379101
2019-08-11 01:00:00,8.300414922
2019-08-11 01:30:00,8.295845967
2019-08-11 02:00:00,8.306717152
2019-08-11 02:30:00,8.351760466
2019-08-11 03:00:00,8.339528549
2019-08-11 03:30:00,8.172425472
2019-08-11 04:00:00,8.171423046
2019-08-11 04:30:00,8.165799367
2019-08-11 05:00:00,8.107340145
2019-08-11 05:30:00,8.152957689
2019-08-11 06:00:00,8.242560993
2019-08-11 06:30:00,8.310193839
2019-08-11 07:00:00,8.311416179
2019-08-11 07:30:00,8.344903244
2019-08-11 08:00:00,8.170971954
2019-08-11 08:30:00,8.193761222
2019-08-11 09:00:00,8.223158393
2019-08-11 09:30:00,8.270374674
2019-08-11 10:00:00,8.24549732
2019-08-11 10:30:00,8.193475554
2019-08-11 11:00:00,8.311100575
2019-08-11 11:30:00,8.193014474
2019-08-11 12:00:00,8.097744417
2019-08-11 12:30:00,8.203674228
2019-08-11 13:00:00,8.167934575
2019-08-11 13:30:00,8.103329435
2019-08-11 14:00:00,8.443628467
2019-08-11 14:30:00,8.435301246
2019-08-11 15:00:00,7.931983678
2019-08-11 15:30:00,8.581912534
2019-08-11 16:00:00,8.165097652
2019-08-11 16:30:00,8.028046947
2019-08-11 17:00:00,8.074510667
2019-08-11 17:30:00,8.228765846
2019-08-11 18:00:00,8.394277582
2019-08-11 18:30:00,8.386104206
2019-08-11 19:00:00,8.178304625
2019-08-11 19:30:00,8.260534232
2019-08-11 20:00:00,8.251435019
2019-08-11 20:30:00,8.705596378
2019-08-11 21:00:00,8.774560901
2019-08-11 21:30:00,9.042363538
2019-08-11 22:00:00,8.855273246
2019-08-11 22:30:00,8.701168666
2019-08-11 23:00:00,8.80659707
2019-08-11 23:30:00,8.89446225
2019-08-12 00:00:00,9.077259279
2019-08-12 00:30:00,9.199199646
2019-08-12 01:00:00,9.104450946
2019-08-12 01:30:00,9.029697912
2019-08-12 02:00:00,9.108988534
2019-08-12 02:30:00,8.910312622
2019-08-12 03:00:00,8.814339312
2019-08-12 03:30:00,8.836829826
2019-08-12 04:00:00,8.852477791
2019-08-12 04:30:00,8.961883937
2019-08-12 05:00:00,9.16232121
2019-08-12 05:30:00,9.039464577
2019-08-12 06:00:00,8.863824497
2019-08-12 06:30:00,8.683522255
2019-08-12 07:00:00,8.848017019
2019-08-12 07:30:00,8.855263244
2019-08-12 08:00:00,8.82792282
2019-08-12 08:30:00,8.887561864
2019-08-12 09:00:00,8.868340072
2019-08-12 09:30:00,8.896662344
2019-08-12 10:00:00,8.731516049
2019-08-12 10:30:00,8.724712397
2019-08-12 11:00:00,8.868855134
2019-08-12 11:30:00,8.890842065
2019-08-12 12:00:00,8.927057243
2019-08-12 12:30:00,8.907567609
2019-08-12 13:00:00,8.927712212
2019-08-12 13:30:00,8.950680369
2019-08-12 14:00:00,8.924257361
2019-08-12 14:30:00,8.909677621
2019-08-12 15:00:00,8.89844241
2019-08-12 15:30:00,8.963218743
2019-08-12 16:00:00,8.701168666
2019-08-12 16:30:00,8.713165875
2019-08-12 17:00:00,8.789296418
2019-08-12 17:30:00,8.843176115
2019-08-12 18:00:00,8.854968197
2019-08-12 18:30:00,8.903002539
2019-08-12 19:00:00,8.869480208
2019-08-12 19:30:00,8.84382624
2019-08-12 20:00:00,8.886656804
2019-08-12 20:30:00,8.936636671
2019-08-12 21:00:00,8.854508124
2019-08-12 21:30:00,8.8057068
2019-08-12 22:00:00,8.748004315
2019-08-12 22:30:00,8.717763521
2019-08-12 23:00:00,8.794203111
2019-08-12 23:30:00,8.765352124
2019-08-13 00:00:00,8.731891246
2019-08-13 00:30:00,8.753777014
2019-08-13 01:00:00,8.831363623
2019-08-13 01:30:00,8.836529763
2019-08-13 02:00:00,8.830838502
2019-08-13 02:30:00,8.72592806
2019-08-13 03:00:00,8.67639237
2019-08-13 03:30:00,8.715382159
2019-08-13 04:00:00,8.723161545
2019-08-13 04:30:00,8.733792239
2019-08-13 05:00:00,8.739315062
2019-08-13 05:30:00,8.813148979
2019-08-13 06:00:00,8.844161304
2019-08-13 06:30:00,8.939341463
2019-08-13 07:00:00,8.632343668
2019-08-13 07:30:00,8.662882681
2019-08-13 08:00:00,8.592633023
2019-08-13 08:30:00,8.736798787
2019-08-13 09:00:00,8.810233145
2019-08-13 09:30:00,8.865044658
2019-08-13 10:00:00,8.913922607
2019-08-13 10:30:00,9.040254296
2019-08-13 11:00:00,8.956074723
2019-08-13 11:30:00,8.884396642
2019-08-13 12:00:00,8.951685255
2019-08-13 12:30:00,9.03127739
2019-08-13 13:00:00,9.024854471
2019-08-13 13:30:00,9.093166714
2019-08-13 14:00:00,9.206833723
2019-08-13 14:30:00,9.20325152
2019-08-13 15:00:00,9.207618107
2019-08-13 15:30:00,9.190840965
2019-08-13 16:00:00,9.042168609
2019-08-13 16:30:00,9.05203491
2019-08-13 17:00:00,9.108173971
2019-08-13 17:30:00,9.135123603
2019-08-13 18:00:00,9.173258688
2019-08-13 18:30:00,9.093131731
2019-08-13 19:00:00,9.095050774
2019-08-13 19:30:00,9.062600662
2019-08-13 20:00:00,9.110862522
2019-08-13 20:30:00,9.091562507
2019-08-13 21:00:00,9.150883754
2019-08-13 21:30:00,9.131081028
2019-08-13 22:00:00,9.171484928
2019-08-13 22:30:00,9.168791796
2019-08-13 23:00:00,9.158228948
2019-08-13 23:30:00,9.153447092
2019-08-14 00:00:00,9.125159503
2019-08-14 00:30:00,9.081062531
2019-08-14 01:00:00,9.093396599
2019-08-14 01:30:00,9.134009276
2019-08-14 02:00:00,9.131565739
2019-08-14 02:30:00,9.051110268
2019-08-14 03:00:00,9.060266626
2019-08-14 03:30:00,9.031357363
2019-08-14 04:00:00,9.050925339
2019-08-14 04:30:00,9.051315189
2019-08-14 05:00:00,9.056053329
2019-08-14 05:30:00,9.047661582
2019-08-14 06:00:00,9.07950825
2019-08-14 06:30:00,9.073076158
2019-08-14 07:00:00,9.073216096
2019-08-14 07:30:00,9.071976645
2019-08-14 08:00:00,9.092227179
2019-08-14 08:30:00,9.046187134
2019-08-14 09:00:00,9.05293456
2019-08-14 09:30:00,9.01509242
2019-08-14 10:00:00,9.050340564
2019-08-14 10:30:00,8.999531588
2019-08-14 11:00:00,9.018386454
2019-08-14 11:30:00,9.022560187
2019-08-14 12:00:00,9.024354628
2019-08-14 12:30:00,9.032257063
2019-08-14 13:00:00,9.030752564
2019-08-14 13:30:00,9.024989428
2019-08-14 14:00:00,8.972362283
2019-08-14 14:30:00,9.013302933
2019-08-14 15:00:00,9.085905249
2019-08-14 15:30:00,9.047926482
2019-08-14 16:00:00,9.085965221
2019-08-14 16:30:00,8.950205422
2019-08-14 17:00:00,8.988284191
2019-08-14 17:30:00,8.893287194
2019-08-14 18:00:00,9.021500513
2019-08-14 18:30:00,9.028453318
2019-08-14 19:00:00,8.963043769
2019-08-14 19:30:00,8.987689319
2019-08-14 20:00:00,8.998471848
2019-08-14 20:30:00,9.029597945
2019-08-14 21:00:00,8.990678666
2019-08-14 21:30:00,9.063905117
2019-08-14 22:00:00,9.034176415
2019-08-14 22:30:00,9.018256492
2019-08-14 23:00:00,8.966428257
2019-08-14 23:30:00,8.944546006
2019-08-15 00:00:00,9.006894698
2019-08-15 00:30:00,9.050100656
2019-08-15 01:00:00,9.005040188
2019-08-15 01:30:00,8.981950504
2019-08-15 02:00:00,8.985694741
2019-08-15 02:30:00,9.015882191
2019-08-15 03:00:00,8.973517082
2019-08-15 03:30:00,9.041398887
2019-08-15 04:00:00,8.987549349
2019-08-15 04:30:00,8.983775137
2019-08-15 05:00:00,8.960824088
2019-08-15 05:30:00,8.928047196
2019-08-15 06:00:00,8.989928832
2019-08-15 06:30:00,9.07813388
2019-08-15 07:00:00,9.064184999
2019-08-15 07:30:00,9.058767237
2019-08-15 08:00:00,8.936366691
2019-08-15 08:30:00,9.003340629
2019-08-15 09:00:00,9.073336043
2019-08-15 09:30:00,9.082571826
2019-08-15 10:00:00,9.141984394
2019-08-15 10:30:00,9.165064352
2019-08-15 11:00:00,9.111916948
2019-08-15 11:30:00,9.109373327
2019-08-15 12:00:00,9.139965645
2019-08-15 12:30:00,9.153596994
2019-08-15 13:00:00,9.18907228
2019-08-15 13:30:00,9.154931122
2019-08-15 14:00:00,9.123270593
2019-08-15 14:30:00,9.195177708
2019-08-15 15:00:00,9.205959409
2019-08-15 15:30:00,9.241969614
2019-08-15 16:00:00,9.28018455
2019-08-15 16:30:00,9.304545375
2019-08-15 17:00:00,9.342275183
2019-08-15 17:30:00,8.987154433
2019-08-15 18:00:00,9.064214987
2019-08-15 18:30:00,9.141654599
2019-08-15 19:00:00,9.159133346
2019-08-15 19:30:00,9.19170532
2019-08-15 20:00:00,9.204695397
2019-08-15 20:30:00,9.206848712
2019-08-15 21:00:00,9.205469792
2019-08-15 21:30:00,9.241260232
2019-08-15 22:00:00,9.18720366
2019-08-15 22:30:00,9.242733947
2019-08-15 23:00:00,9.152867469
2019-08-15 23:30:00,9.187123719
2019-08-16 00:00:00,9.219868278
2019-08-16 00:30:00,9.145991879
2019-08-16 01:00:00,9.116144621
2019-08-16 01:30:00,9.176921101
2019-08-16 02:00:00,9.139825731
2019-08-16 02:30:00,9.187573388
2019-08-16 03:00:00,9.174637718
2019-08-16 03:30:00,9.275484052
2019-08-16 04:00:00,9.235819927
2019-08-16 04:30:00,9.08794427
2019-08-16 05:00:00,9.221212177
2019-08-16 05:30:00,9.178055294
2019-08-16 06:00:00,9.133959306
2019-08-16 06:30:00,9.208062756
2019-08-16 07:00:00,9.155880499
2019-08-16 07:30:00,8.602121999
2019-08-16 08:00:00,8.73312189
2019-08-16 08:30:00,9.060936351
2019-08-16 09:00:00,8.984235043
2019-08-16 09:30:00,9.014342636
2019-08-16 10:00:00,9.054383991
2019-08-16 10:30:00,9.020045956
2019-08-16 11:00:00,9.02970291
2019-08-16 11:30:00,9.027908495
2019-08-16 12:00:00,8.976576532
2019-08-16 12:30:00,9.015772223
2019-08-16 13:00:00,9.14651155
2019-08-16 13:30:00,9.162451123
2019-08-16 14:00:00,9.144337922
2019-08-16 14:30:00,9.049620839
2019-08-16 15:00:00,9.213683287
2019-08-16 15:30:00,9.134349071
2019-08-16 16:00:00,8.940226391
2019-08-16 16:30:00,8.999961482
2019-08-16 17:00:00,9.046701942
2019-08-16 17:30:00,9.073640907
2019-08-16 18:00:00,9.181447858
2019-08-16 18:30:00,9.141854474
2019-08-16 19:00:00,9.019571099
2019-08-16 19:30:00,9.127088381
2019-08-16 20:00:00,8.892312144
2019-08-16 20:30:00,9.302362599
2019-08-16 21:00:00,9.287322612
2019-08-16 21:30:00,9.294525489
2019-08-16 22:00:00,9.132525167
2019-08-16 22:30:00,9.323475624
2019-08-16 23:00:00,9.299645351
2019-08-16 23:30:00,9.343458868
2019-08-17 00:00:00,9.436285874
2019-08-17 00:30:00,9.204530525
2019-08-17 01:00:00,9.289835141
2019-08-17 01:30:00,9.090717921
2019-08-17 02:00:00,9.258879532
2019-08-17 02:30:00,9.087199629
2019-08-17 03:00:00,8.993048131
2019-08-17 03:30:00,9.059941759
2019-08-17 04:00:00,9.105270514
2019-08-17 04:30:00,9.127653051
2019-08-17 05:00:00,9.167092966
2019-08-17 05:30:00,9.183346483
2019-08-17 06:00:00,9.027048772
2019-08-17 06:30:00,8.886271777
2019-08-17 07:00:00,9.055258645
2019-08-17 07:30:00,9.052889577
2019-08-17 08:00:00,8.949720476
2019-08-17 08:30:00,8.981660562
2019-08-17 09:00:00,9.024439601
2019-08-17 09:30:00,9.047951472
2019-08-17 10:00:00,9.056848012
2019-08-17 10:30:00,9.052374778
2019-08-17 11:00:00,9.076369683
2019-08-17 11:30:00,9.097934317
2019-08-17 12:00:00,9.129402022
2019-08-17 12:30:00,9.159867856
2019-08-17 13:00:00,9.222750911
2019-08-17 13:30:00,9.091052757
2019-08-17 14:00:00,9.116134626
2019-08-17 14:30:00,9.131630701
2019-08-17 15:00:00,9.173053831
2019-08-17 15:30:00,9.097424576
2019-08-17 16:00:00,9.073950769
2019-08-17 16:30:00,9.160002766
2019-08-17 17:00:00,9.133459606
2019-08-17 17:30:00,9.099108718
2019-08-17 18:00:00,9.165878797
2019-08-17 18:30:00,9.125309416
2019-08-17 19:00:00,9.117958608
2019-08-17 19:30:00,9.231568546
2019-08-17 20:00:00,9.247020182
2019-08-17 20:30:00,9.266447559
2019-08-17 21:00:00,9.217185462
2019-08-17 21:30:00,9.228860828
2019-08-17 22:00:00,9.223785057
2019-08-17 22:30:00,9.250137416
2019-08-17 23:00:00,9.162416146
2019-08-17 23:30:00,9.19534758
2019-08-18 00:00:00,9.199919094
2019-08-18 00:30:00,9.192194953
2019-08-18 01:00:00,9.237393576
2019-08-18 01:30:00,9.222556072
2019-08-18 02:00:00,9.178430026
2019-08-18 02:30:00,9.138471564
2019-08-18 03:00:00,9.116249562
2019-08-18 03:30:00,9.108079022
2019-08-18 04:00:00,9.032466992
2019-08-18 04:30:00,9.002535835
2019-08-18 05:00:00,9.024929447
2019-08-18 05:30:00,8.988894059
2019-08-18 06:00:00,8.798574559
2019-08-18 06:30:00,8.840215528
2019-08-18 07:00:00,8.850862518
2019-08-18 07:30:00,8.877086019
2019-08-18 08:00:00,8.862239281
2019-08-18 08:30:00,8.824281933
2019-08-18 09:00:00,8.864839631
2019-08-18 09:30:00,8.888091899
2019-08-18 10:00:00,8.87410072
2019-08-18 10:30:00,8.915797585
2019-08-18 11:00:00,8.932621942
2019-08-18 11:30:00,8.879601251
2019-08-18 12:00:00,8.952855119
2019-08-18 12:30:00,9.037305336
2019-08-18 13:00:00,9.060581497
2019-08-18 13:30:00,9.040914061
2019-08-18 14:00:00,9.050285585
2019-08-18 14:30:00,9.158563725
2019-08-18 15:00:00,9.102456989
2019-08-18 15:30:00,9.133294705
2019-08-18 16:00:00,9.169506302
2019-08-18 16:30:00,9.181248002
2019-08-18 17:00:00,9.177575636
2019-08-18 17:30:00,9.159148336
2019-08-18 18:00:00,9.209446663
2019-08-18 18:30:00,9.241704845
2019-08-18 19:00:00,9.23974155
2019-08-18 19:30:00,9.155185955
2019-08-18 20:00:00,9.155415804
2019-08-18 20:30:00,9.221551898
2019-08-18 21:00:00,9.145607122
2019-08-18 21:30:00,9.150289137
2019-08-18 22:00:00,9.090737912
2019-08-18 22:30:00,9.19590216
2019-08-18 23:00:00,9.205839503
2019-08-18 23:30:00,9.19190517
2019-08-19 00:00:00,9.159827883
2019-08-19 00:30:00,9.170680488
2019-08-19 01:00:00,9.165469076
2019-08-19 01:30:00,9.162670975
2019-08-19 02:00:00,9.190466244
2019-08-19 02:30:00,9.050345562
2019-08-19 03:00:00,9.168132251
2019-08-19 03:30:00,9.160677315
2019-08-19 04:00:00,9.146961264
2019-08-19 04:30:00,9.101712376
2019-08-19 05:00:00,8.996587303
2019-08-19 05:30:00,8.970382619
2019-08-19 06:00:00,8.910217622
2019-08-19 06:30:00,8.977566349
2019-08-19 07:00:00,9.000661308
2019-08-19 07:30:00,9.004415351
2019-08-19 08:00:00,8.960834086
2019-08-19 08:30:00,8.90590759
2019-08-19 09:00:00,8.89468226
2019-08-19 09:30:00,8.908717617
2019-08-19 10:00:00,8.918202542
2019-08-19 10:30:00,8.921887444
2019-08-19 11:00:00,8.898117399
2019-08-19 11:30:00,8.900592478
2019-08-19 12:00:00,8.862399303
2019-08-19 12:30:00,8.909742621
2019-08-19 13:00:00,8.932876926
2019-08-19 13:30:00,8.952580151
2019-08-19 14:00:00,8.952905113
2019-08-19 14:30:00,8.945485915
2019-08-19 15:00:00,8.922602421
2019-08-19 15:30:00,8.904852574
2019-08-19 16:00:00,8.944356024
2019-08-19 16:30:00,8.96200392
2019-08-19 17:00:00,8.912882615
2019-08-19 17:30:00,8.96811799
2019-08-19 18:00:00,8.959094326
2019-08-19 18:30:00,8.944111047
2019-08-19 19:00:00,8.974026992
2019-08-19 19:30:00,8.990283754
2019-08-19 20:00:00,9.012508158
2019-08-19 20:30:00,9.003860495
2019-08-19 21:00:00,8.945515912
2019-08-19 21:30:00,8.914522601
2019-08-19 22:00:00,8.920227493
2019-08-19 22:30:00,8.938006569
2019-08-19 23:00:00,8.921852445
2019-08-19 23:30:00,8.914447602
2019-08-20 00:00:00,8.926122285
2019-08-20 00:30:00,8.923112403
2019-08-20 01:00:00,8.92856717
2019-08-20 01:30:00,8.895267286
2019-08-20 02:00:00,8.903577551
2019-08-20 02:30:00,8.931462012
2019-08-20 03:00:00,8.944625998
2019-08-20 03:30:00,8.901992516
2019-08-20 04:00:00,8.874075718
2019-08-20 04:30:00,8.883816598
2019-08-20 05:00:00,8.890262031
2019-08-20 05:30:00,8.89581731
2019-08-20 06:00:00,8.918332539
2019-08-20 06:30:00,8.899942459
2019-08-20 07:00:00,8.908742617
2019-08-20 07:30:00,8.916602572
2019-08-20 08:00:00,8.898902426
2019-08-20 08:30:00,8.89491227
2019-08-20 09:00:00,8.905282581
2019-08-20 09:30:00,8.917977547
2019-08-20 10:00:00,8.920437487
2019-08-20 10:30:00,24.9484349
2019-08-20 11:00:00,33.75377513
2019-08-20 11:30:00,37.57793671
2019-08-20 12:00:00,49.61245585
2019-08-20 12:30:00,37.05716703
2019-08-20 13:00:00,30.80522697
2019-08-20 13:30:00,28.4557601
2019-08-20 14:00:00,26.67077555
2019-08-20 14:30:00,26.69061225
2019-08-20 15:00:00,26.52142155
2019-08-20 15:30:00,26.17132668
2019-08-20 16:00:00,25.90814364
2019-08-20 16:30:00,27.18790269
2019-08-20 17:00:00,26.92398634
2019-08-20 17:30:00,25.30794913
2019-08-20 18:00:00,24.04298914
2019-08-20 18:30:00,23.15897016
2019-08-20 19:00:00,22.48050539
2019-08-20 19:30:00,21.97978846
2019-08-20 20:00:00,21.64979012
2019-08-20 20:30:00,21.4226616
2019-08-20 21:00:00,21.23135044
2019-08-20 21:30:00,21.0597208
2019-08-20 22:00:00,20.92623673
2019-08-20 22:30:00,20.81641844
2019-08-20 23:00:00,20.70291658
2019-08-20 23:30:00,20.61896579
2019-08-21 00:00:00,20.54915119
2019-08-21 00:30:00,20.4863408
2019-08-21 01:00:00,20.43447716
2019-08-21 01:30:00,20.37282091
2019-08-21 02:00:00,20.30462611
2019-08-21 02:30:00,20.30503323
2019-08-21 03:00:00,20.29892661
2019-08-21 03:30:00,20.26393813
2019-08-21 04:00:00,20.22441397
2019-08-21 04:30:00,20.19033765
2019-08-21 05:00:00,20.16644153
2019-08-21 05:30:00,20.1450107
2019-08-21 06:00:00,20.11974979
2019-08-21 06:30:00,20.07877142
2019-08-21 07:00:00,20.06477368
2019-08-21 07:30:00,20.05774428
2019-08-21 08:00:00,20.04526437
2019-08-21 08:30:00,20.0366954
2019-08-21 09:00:00,20.03341585
2019-08-21 09:30:00,20.02793976
2019-08-21 10:00:00,20.0491222
2019-08-21 10:30:00,20.07257948
2019-08-21 11:00:00,20.086521
2019-08-21 11:30:00,20.08682308
2019-08-21 12:00:00,20.11201333
2019-08-21 12:30:00,20.12754416
2019-08-21 13:00:00,20.12965957
2019-08-21 13:30:00,20.13218146
2019-08-21 14:00:00,20.15101421
2019-08-21 14:30:00,20.16832841
2019-08-21 15:00:00,20.14879933
2019-08-21 15:30:00,20.13762144
2019-08-21 16:00:00,20.14007057
2019-08-21 16:30:00,20.14811664
2019-08-21 17:00:00,20.15206695
2019-08-21 17:30:00,20.13985692
2019-08-21 18:00:00,20.16915719
2019-08-21 18:30:00,20.14231653
2019-08-21 19:00:00,20.13846039
2019-08-21 19:30:00,20.11635297
2019-08-21 20:00:00,20.08547936
2019-08-21 20:30:00,20.06276374
2019-08-21 21:00:00,19.98795536
2019-08-21 21:30:00,19.8990021
2019-08-21 22:00:00,19.85070589
2019-08-21 22:30:00,19.84837792
2019-08-21 23:00:00,19.82405685
2019-08-21 23:30:00,19.81514763
2019-08-22 00:00:00,19.81710604
2019-08-22 00:30:00,19.8019748
2019-08-22 01:00:00,19.77939884
2019-08-22 01:30:00,19.77082571
2019-08-22 02:00:00,19.75844755
2019-08-22 02:30:00,19.722448
2019-08-22 03:00:00,19.71561284
2019-08-22 03:30:00,19.71009105
2019-08-22 04:00:00,19.69155052
2019-08-22 04:30:00,19.668832
2019-08-22 05:00:00,19.65181312
2019-08-22 05:30:00,19.66541348
2019-08-22 06:00:00,19.66620196
2019-08-22 06:30:00,19.65119591
2019-08-22 07:00:00,19.64088533
2019-08-22 07:30:00,19.63157139
2019-08-22 08:00:00,19.65851972
2019-08-22 08:30:00,19.70576308
2019-08-22 09:00:00,19.73852301
2019-08-22 09:30:00,19.79609534
2019-08-22 10:00:00,19.82760516
2019-08-22 10:30:00,19.85674949
2019-08-22 11:00:00,19.88728464
2019-08-22 11:30:00,19.8819202
2019-08-22 12:00:00,19.8806727
2019-08-22 12:30:00,19.85186989
2019-08-22 13:00:00,19.83373576
2019-08-22 13:30:00,19.80185533
2019-08-22 14:00:00,19.77030646
2019-08-22 14:30:00,19.75901347
2019-08-22 15:00:00,19.76143812
2019-08-22 15:30:00,19.80200077
2019-08-22 16:00:00,19.80405242
2019-08-22 16:30:00,19.75647985
2019-08-22 17:00:00,19.6781388
2019-08-22 17:30:00,19.62801923
2019-08-22 18:00:00,19.62558724
2019-08-22 18:30:00,19.62579466
2019-08-22 19:00:00,19.6205938
2019-08-22 19:30:00,19.64189663
2019-08-22 20:00:00,19.66008102
2019-08-22 20:30:00,19.69731523
2019-08-22 21:00:00,19.76083065
2019-08-22 21:30:00,19.80263963
2019-08-22 22:00:00,19.8166489
2019-08-22 22:30:00,19.78698594
2019-08-22 23:00:00,19.76995337
2019-08-22 23:30:00,19.76784007
2019-08-23 00:00:00,19.76316707
2019-08-23 00:30:00,19.76511413
2019-08-23 01:00:00,19.76445992
2019-08-23 01:30:00,19.74602932
2019-08-23 02:00:00,19.71939626
2019-08-23 02:30:00,19.69977479
2019-08-23 03:00:00,19.6691225
2019-08-23 03:30:00,19.65463472
2019-08-23 04:00:00,19.62528649
2019-08-23 04:30:00,19.58828458
2019-08-23 05:00:00,19.5881187
2019-08-23 05:30:00,19.57781415
2019-08-23 06:00:00,19.59678088
2019-08-23 06:30:00,19.62005972
2019-08-23 07:00:00,19.64541813
2019-08-23 07:30:00,19.67117678
2019-08-23 08:00:00,19.69867992
2019-08-23 08:30:00,19.73118852
2019-08-23 09:00:00,19.75673425
2019-08-23 09:30:00,19.78124753
2019-08-23 10:00:00,19.80308632
2019-08-23 10:30:00,19.82648818
2019-08-23 11:00:00,19.80789614
2019-08-23 11:30:00,19.78909443
2019-08-23 12:00:00,19.78537604
2019-08-23 12:30:00,19.83644269
2019-08-23 13:00:00,19.89118858
2019-08-23 13:30:00,19.98271061
2019-08-23 14:00:00,20.25230931
2019-08-23 14:30:00,20.50802278
2019-08-23 15:00:00,21.0807388