Date,Year,ungravid,gravid,male,ephippia,neonates,infected,Julian,Month,EXCLUDE,TotalnNeo,TotalAll,fYear,julianall,group,fjulian,uninfected,secview,airtemp,windspd
2/24/00,2000,0,0,0,0,0,0,54,2,NA,0,0,2000,54,1,54,0,NA,10.1,3
4/4/00,2000,400,74,0,0,0,3,94,4,NA,477,477,2000,94,1,94,474,NA,NA,NA
4/24/00,2000,348,13,0,0,181,0,114,4,NA,361,542,2000,114,1,114,361,3.9,16.7,8
5/4/00,2000,526,8,162,0,0,0,124,5,NA,696,696,2000,124,1,124,696,5.1,24.5,10
6/2/00,2000,10,0,2,0,0,0,153,6,NA,12,12,2000,153,1,153,12,3.3,14,15
7/10/00,2000,0,0,0,0,0,0,191,7,NA,0,0,2000,191,1,191,0,NA,NA,NA
9/8/00,2000,5,6,0,0,0,0,251,9,NA,11,11,2000,251,1,251,11,1.8,23.3,0
10/30/00,2000,416,0,0,0,0,0,303,10,NA,416,416,2000,303,1,303,416,3,9.3,13
11/15/00,2000,1216,9,0,0,4,0,319,11,NA,1225,1229,2000,319,1,319,1225,3.6,2.1,6
5/14/01,2001,712,19,65,0,0,0,133,5,NA,796,796,2001,498,1,498,796,4.3,18.3,15
5/29/01,2001,170,0,12,0,0,10,148,5,NA,192,192,2001,513,1,513,182,6.6,17.2,2
6/11/01,2001,66,3,0,0,0,0,161,6,NA,69,69,2001,526,1,526,69,3.6,27.3,6
6/25/01,2001,4,0,0,0,0,0,175,6,NA,4,4,2001,540,1,540,4,3.6,26,6
7/10/01,2001,0,0,0,0,0,0,190,7,NA,0,0,2001,555,1,555,0,4.6,21.7,8
7/23/01,2001,0,0,0,0,0,0,203,7,NA,0,0,2001,568,1,568,0,3.3,24.5,7
8/6/01,2001,0,0,0,0,0,0,217,8,NA,0,0,2001,582,1,582,0,3.6,34.4,6
8/23/01,2001,0,5,0,0,0,0,234,8,NA,5,5,2001,599,1,599,5,3.9,25.2,6
9/17/01,2001,37,26,1,0,0,0,259,9,NA,64,64,2001,624,1,624,64,2.3,18.5,1
9/25/01,2001,25,41,0,0,0,0,267,9,NA,66,66,2001,632,1,632,66,NA,NA,NA
1/23/02,2002,170,0,0,0,2,0,22,1,NA,170,172,2002,752,1,752,170,NA,-1,4
3/5/02,2002,925,144,0,4,0,7,63,3,NA,1080,1080,2002,793,1,793,1073,NA,-5,6
4/4/02,2002,743,399,0,0,0,8,93,4,NA,1150,1150,2002,823,1,823,1142,NA,1,10
4/23/02,2002,107,36,1,0,4,0,112,4,NA,144,148,2002,842,1,842,144,2.7,15,8
5/6/02,2002,18,5,0,0,14,0,125,5,NA,23,37,2002,855,1,855,23,2.9,8.9,3
5/20/02,2002,611,78,41,0,4,3,139,5,NA,733,737,2002,869,1,869,730,4.2,13,8
6/17/02,2002,69,21,0,2,2,21,167,6,NA,113,115,2002,897,1,897,92,3.8,20,6
7/1/02,2002,9,10,0,1,0,4,181,7,NA,24,24,2002,911,1,911,20,3.6,27,5
7/16/02,2002,6,2,0,0,10,0,196,7,NA,8,18,2002,926,1,926,8,4.7,30,5
8/1/02,2002,1,1,0,0,0,0,212,8,NA,2,2,2002,942,1,942,2,4.2,21.9,0
8/14/02,2002,21,24,0,0,1,0,225,8,NA,45,46,2002,955,1,955,45,3.1,23,6
8/26/02,2002,128,45,0,0,0,0,237,8,NA,172,172,2002,967,1,967,173,4.3,29,0
9/9/02,2002,177,58,0,0,0,1,251,9,NA,236,236,2002,981,1,981,235,2.8,32,8
9/24/02,2002,39,4,0,0,0,0,266,9,NA,43,43,2002,996,1,996,43,1.9,12.8,7
10/9/02,2002,8,3,0,0,0,0,281,10,NA,10,10,2002,1011,1,1011,11,1.7,9.4,5
10/21/02,2002,18,1,0,0,31,0,293,10,NA,19,50,2002,1023,1,1023,19,1.9,-0.8,6
11/4/02,2002,42,2,0,0,1,0,307,11,NA,44,45,2002,1037,1,1037,44,1.8,0.1,6
1/24/03,2003,261,0,0,5,0,52,23,1,NA,318,318,2003,1118,1,1118,266,NA,-14.3,8
2/26/03,2003,461,119,0,0,0,215,56,2,NA,795,795,2003,1151,1,1151,580,NA,-5,3
3/28/03,2003,166,45,0,0,0,859,86,3,NA,1070,1070,2003,1181,1,1181,211,NA,NA,NA
4/30/03,2003,7,2,0,0,13,1,119,4,NA,10,23,2003,1214,1,1214,9,1.5,14,0
5/15/03,2003,15,3,0,0,38,1,134,5,NA,19,57,2003,1229,1,1229,18,2.3,20,4
5/29/03,2003,286,38,90,50,316,46,148,5,NA,510,826,2003,1243,1,1243,464,6,27.5,4
6/11/03,2003,199,18,10,4,95,28,161,6,NA,259,354,2003,1256,1,1256,231,4.8,23,3
6/23/03,2003,103,31,0,0,112,47,173,6,NA,181,293,2003,1268,1,1268,134,3.8,33,4
7/7/03,2003,80,70,0,0,0,22,187,7,NA,172,172,2003,1282,1,1282,150,4.2,26,8
7/23/03,2003,33,16,0,0,15,3,203,7,NA,52,67,2003,1298,1,1298,49,4.7,28,0
8/6/03,2003,42,27,0,0,29,5,217,8,NA,74,103,2003,1312,1,1312,69,3.3,29,9
8/18/03,2003,30,20,0,0,21,1,229,8,NA,51,72,2003,1324,1,1324,50,3.9,31,8
9/2/03,2003,15,32,0,0,48,1,244,9,NA,48,96,2003,1339,1,1339,47,2.2,NA,9
9/17/03,2003,8,0,0,0,4,0,259,9,NA,8,12,2003,1354,1,1354,8,2.2,23.3,7
10/13/03,2003,37,7,0,0,44,0,285,10,NA,44,88,2003,1380,1,1380,44,3.3,12,8
10/30/03,2003,190,4,0,0,84,3,302,10,NA,197,281,2003,1397,1,1397,194,2.1,4,7
11/19/03,2003,237,5,0,0,215,2,322,11,NA,244,459,2003,1417,1,1417,242,3.4,7,18
1/14/04,2004,47,0,0,0,6,0,13,1,NA,47,53,2004,1473,1,1473,47,NA,-9,8
2/19/04,2004,968,0,0,0,3,28,49,2,NA,996,999,2004,1509,1,1509,968,NA,-1,6
3/31/04,2004,120,31,0,0,52,7,90,3,NA,158,210,2004,1550,1,1550,151,NA,1,8
4/27/04,2004,32,31,0,0,99,2,117,4,NA,65,164,2004,1577,1,1577,63,1.5,6,9
5/10/04,2004,245,39,5,0,388,1,130,5,NA,290,678,2004,1590,1,1590,289,3.1,19,5
5/24/04,2004,340,49,187,51,303,20,144,5,NA,647,950,2004,1604,1,1604,627,3.8,12,6
6/7/04,2004,375,122,5,12,157,85,158,6,NA,599,755,2004,1618,1,1618,514,3.7,29,11
6/21/04,2004,35,22,0,2,184,18,172,6,NA,77,261,2004,1632,1,1632,59,NA,20,14
7/7/04,2004,0,0,0,0,0,0,188,7,NA,0,0,2004,1648,1,1648,0,3.4,12,7
7/22/04,2004,0,0,0,0,0,0,203,7,NA,0,0,2004,1663,1,1663,0,3.3,21,3
8/2/04,2004,0,0,0,0,0,0,214,8,NA,0,0,2004,1674,1,1674,0,3.7,27,0
8/16/04,2004,0,0,0,0,0,0,228,8,NA,0,0,2004,1688,1,1688,0,2.8,17,7
9/1/04,2004,1,0,0,0,1,0,244,9,NA,1,2,2004,1704,1,1704,1,1.9,23,4
9/10/04,2004,0,0,0,0,0,0,253,9,NA,0,0,2004,1713,1,1713,0,1.9,21,6
9/30/04,2004,17,7,0,0,0,0,273,9,NA,23,23,2004,1733,1,1733,24,3.5,14.5,4
10/11/04,2004,0,5,0,0,0,0,284,10,NA,5,5,2004,1744,1,1744,5,3.2,18.5,0
10/25/04,2004,3,0,0,0,0,0,298,10,NA,3,3,2004,1758,1,1758,3,1.6,10.1,7
11/9/04,2004,3,0,0,0,0,0,313,11,NA,3,3,2004,1773,1,1773,3,2.2,6.5,10
1/1/05,2005,38,3,0,0,2,13,0,1,NA,54,56,2005,1825,1,1825,41,NA,NA,NA
1/10/05,2005,43,5,0,3,61,5,9,1,NA,56,117,2005,1834,1,1834,51,NA,-7,0
2/23/05,2005,108,19,0,0,135,23,53,2,NA,150,285,2005,1878,1,1878,127,NA,-4,2
4/1/05,2005,25,17,0,0,69,5,90,4,NA,47,116,2005,1915,1,1915,42,NA,2,8
4/19/05,2005,115,8,0,0,236,4,108,4,NA,127,363,2005,1933,1,1933,123,2.2,19,0
5/15/05,2005,403,151,0,1,1905,3,134,5,NA,558,2463,2005,1959,1,1959,555,NA,NA,NA
5/31/05,2005,221,109,0,7,287,9,150,5,NA,346,633,2005,1975,1,1975,337,7.3,25,0
6/13/05,2005,172,53,0,6,316,16,163,6,NA,247,563,2005,1988,1,1988,231,NA,NA,NA
6/27/05,2005,260,642,0,0,1216,32,177,6,NA,934,2150,2005,2002,1,2002,902,5.7,29,9
7/11/05,2005,0,0,0,0,5,1,191,7,NA,1,6,2005,2016,1,2016,0,5.2,35,6
7/26/05,2005,0,0,0,0,0,0,206,7,NA,0,0,2005,2031,1,2031,0,3.2,18,8
8/8/05,2005,0,0,0,0,0,0,219,8,NA,0,0,2005,2044,1,2044,0,3.2,27,9
8/23/05,2005,1,0,0,2,0,0,234,8,NA,3,3,2005,2059,1,2059,3,2.4,29,4
9/6/05,2005,0,0,0,0,0,0,248,9,NA,0,0,2005,2073,1,2073,0,2.3,20,8
9/22/05,2005,0,0,0,0,16,0,264,9,NA,0,16,2005,2089,1,2089,0,2.4,16,5
10/3/05,2005,0,0,0,0,6,0,275,10,NA,0,6,2005,2100,1,2100,0,2.4,21,5
10/20/05,2005,0,1,0,1,2,2,292,10,NA,4,6,2005,2117,1,2117,2,1.9,8.5,0
11/8/05,2005,0,3,0,0,10,2,311,11,NA,5,15,2005,2136,1,2136,3,2.9,7.3,4
1/10/06,2006,12,0,0,0,60,0,9,1,NA,12,72,2006,2199,1,2199,12,NA,-3,18
2/27/06,2006,0,4,0,1,93,7,57,2,NA,12,105,2006,2247,1,2247,5,NA,-5,7
3/28/06,2006,1,1,0,0,9,0,86,3,NA,2,11,2006,2276,1,2276,2,NA,2,6
4/20/06,2006,1,1,0,0,3,0,109,4,NA,2,5,2006,2299,1,2299,2,1.4,13,2
5/1/06,2006,2,9,0,0,153,0,120,5,NA,11,164,2006,2310,1,2310,11,2.1,10,13
5/16/06,2006,94,14,0,4,1172,0,135,5,NA,112,1284,2006,2325,1,2325,112,3.9,NA,6
5/30/06,2006,179,20,0,44,639,0,149,5,NA,243,882,2006,2339,1,2339,243,5.3,26,8
6/12/06,2006,142,41,0,7,149,21,162,6,NA,211,360,2006,2352,1,2352,190,4.8,22,0
6/26/06,2006,85,19,0,0,531,3,176,6,NA,107,638,2006,2366,1,2366,104,4.3,23,0
7/11/06,2006,0,10,0,0,233,1,191,7,NA,11,244,2006,2381,1,2381,10,4.3,29,0
7/25/06,2006,2,3,0,0,100,0,205,7,NA,5,105,2006,2395,1,2395,5,4.5,28,3
8/2/06,2006,0,15,0,2,118,0,213,8,NA,17,135,2006,2403,1,2403,17,NA,NA,NA
8/9/06,2006,10,42,0,2,129,1,220,8,NA,55,184,2006,2410,1,2410,54,3.9,20,2
9/5/06,2006,4,4,0,0,34,0,247,9,NA,8,42,2006,2437,1,2437,8,4.2,27,7
9/19/06,2006,2,3,0,1,29,0,261,9,NA,6,35,2006,2451,1,2451,6,2.2,9,18
10/4/06,2006,104,117,0,0,166,0,276,10,NA,221,387,2006,2466,1,2466,221,2.8,14,15
10/16/06,2006,60,47,0,0,277,3,288,10,NA,110,387,2006,2478,1,2478,107,2.9,7,5
10/31/06,2006,112,61,0,2,362,8,303,10,NA,183,545,2006,2493,1,2493,175,3.3,9,25
1/24/07,2007,198,1,0,0,105,47,23,1,NA,246,351,2007,2578,1,2578,199,NA,-9,15
2/23/07,2007,225,10,0,1,24,24,53,2,NA,260,284,2007,2608,1,2608,236,NA,-4,7
3/26/07,2007,68,0,0,2,140,25,84,3,NA,95,235,2007,2639,1,2639,70,NA,8,4
4/23/07,2007,2,6,0,2,39,17,112,4,NA,27,66,2007,2667,1,2667,10,2,10,9
5/7/07,2007,197,38,0,9,2539,249,126,5,NA,493,3032,2007,2681,1,2681,244,5.5,12,0
6/19/07,2007,264,872,0,0,1182,64,169,6,NA,1200,2382,2007,2724,1,2724,1136,3.9,18,20
7/4/07,2007,15,62,0,0,504,3,184,7,NA,80,584,2007,2739,1,2739,77,4.7,27,8
7/16/07,2007,374,64,0,0,488,24,196,7,NA,462,950,2007,2751,1,2751,438,3.7,27,0
7/30/07,2007,58,77,0,0,182,5,210,7,NA,140,322,2007,2765,1,2765,135,3.9,25,5
8/15/07,2007,45,46,0,0,190,0,226,8,NA,91,281,2007,2781,1,2781,91,3.2,17,5
8/30/07,2007,105,69,0,0,221,0,241,8,NA,174,395,2007,2796,1,2796,174,3,17,1
9/10/07,2007,33,7,0,0,77,0,252,9,NA,40,117,2007,2807,1,2807,40,2.3,11.5,5
9/27/07,2007,88,58,0,0,386,1,269,9,NA,147,533,2007,2824,1,2824,146,2.3,13,6
10/8/07,2007,186,9,0,0,427,0,280,10,NA,195,622,2007,2835,1,2835,195,2.1,21,11
10/22/07,2007,370,54,0,0,130,4,294,10,NA,428,558,2007,2849,1,2849,424,3,7,11
11/8/07,2007,178,46,0,0,141,3,311,11,NA,227,368,2007,2866,1,2866,224,4.6,2,0
1/15/08,2008,387,0,0,0,13,3,14,1,NA,390,403,2008,2934,1,2934,387,NA,-7,0
3/3/08,2008,225,2,0,0,9,18,62,3,NA,245,254,2008,2982,1,2982,227,NA,-8,9
3/25/08,2008,616,17,0,0,7,63,84,3,NA,696,703,2008,3004,1,3004,633,NA,0,19
5/8/08,2008,10,8,0,1,141,2,128,5,NA,21,162,2008,3048,1,3048,19,2.4,17,6
5/19/08,2008,82,21,0,0,749,0,139,5,NA,103,852,2008,3059,1,3059,103,3.1,13,6
6/2/08,2008,288,19,7,73,2115,4,153,6,NA,391,2506,2008,3073,1,3073,387,6.6,14,0
6/19/08,2008,92,225,0,29,150,30,170,6,NA,376,526,2008,3090,1,3090,346,2.8,20,6
6/30/08,2008,0,0,0,0,0,0,181,6,NA,0,0,2008,3101,1,3101,0,3.2,21.1,7
7/15/08,2008,0,0,0,2,3,0,196,7,NA,2,5,2008,3116,1,3116,2,3.2,33,0
7/28/08,2008,1,2,0,2,0,0,209,7,NA,5,5,2008,3129,1,3129,5,3.5,30,0
8/12/08,2008,0,0,0,0,0,0,224,8,NA,0,0,2008,3144,1,3144,0,2.8,20,4
8/25/08,2008,0,0,0,0,1,0,237,8,NA,0,1,2008,3157,1,3157,0,3,19,3
9/9/08,2008,20,13,0,0,12,0,252,9,NA,33,45,2008,3172,1,3172,33,2.2,14,6
9/22/08,2008,16,14,0,0,17,0,265,9,NA,30,47,2008,3185,1,3185,30,1.8,18,6
10/6/08,2008,20,14,0,0,45,0,279,10,NA,34,79,2008,3199,1,3199,34,2.2,9,6
10/20/08,2008,49,25,0,0,153,10,293,10,NA,84,237,2008,3213,1,3213,74,3.6,8,14
11/6/08,2008,21,1,0,0,42,1,310,11,NA,23,65,2008,3230,1,3230,22,5.2,11,20
1/20/09,2009,87,0,0,0,28,10,19,1,NA,97,125,2009,3304,1,3304,87,NA,-10,6
2/23/09,2009,415,0,0,0,93,10,53,2,NA,425,518,2009,3338,1,3338,415,NA,-9,0
3/17/09,2009,9,0,0,1,3,2,75,3,NA,12,15,2009,3360,1,3360,10,NA,8,5
4/27/09,2009,22,15,0,0,636,5,116,4,NA,42,678,2009,3401,1,3401,37,2.5,7,9
5/12/09,2009,556,130,0,6,514,0,131,5,NA,692,1206,2009,3416,1,3416,692,4.1,18,12
5/26/09,2009,462,70,0,32,298,6,145,5,NA,570,868,2009,3430,1,3430,564,3.4,12,6
6/8/09,2009,66,49,0,2,371,15,158,6,NA,132,503,2009,3443,1,3443,117,3.9,8.5,8
6/22/09,2009,0,0,0,0,139,0,172,6,NA,0,139,2009,3457,1,3457,0,3.8,27,5
7/6/09,2009,0,0,0,1,1,0,186,7,NA,1,2,2009,3471,1,3471,1,3.3,17,12
7/21/09,2009,0,0,0,0,12,0,201,7,NA,0,12,2009,3486,1,3486,0,2.9,22,7
8/4/09,2009,0,0,0,0,1,0,215,8,NA,0,1,2009,3500,1,3500,0,3.3,17,16
8/19/09,2009,0,0,0,0,0,0,230,8,NA,0,0,2009,3515,1,3515,0,2.2,18,5
8/31/09,2009,0,1,0,0,2,0,242,8,NA,1,3,2009,3527,1,3527,1,1.8,20,6
9/14/09,2009,8,1,0,2,18,0,256,9,NA,11,29,2009,3541,1,3541,11,4.1,26,7
9/29/09,2009,3,0,0,5,13,0,271,9,NA,8,21,2009,3556,1,3556,8,2,8,12
10/14/09,2009,3,4,0,0,31,0,286,10,NA,7,38,2009,3571,1,3571,7,2.1,4,2
10/26/09,2009,2,0,0,1,77,0,298,10,NA,3,80,2009,3583,1,3583,3,4.7,4,0
11/9/09,2009,9,1,0,0,30,0,312,11,NA,10,40,2009,3597,1,3597,10,2.5,8,7
1/19/10,2010,0,0,0,0,6,0,18,1,NA,0,6,2010,3668,1,3668,0,NA,-6,0
2/16/10,2010,110,58,0,0,32,8,46,2,NA,176,208,2010,3696,1,3696,168,NA,-5,15
3/22/10,2010,3,0,0,0,43,0,80,3,NA,3,46,2010,3730,1,3730,3,NA,4,3
4/12/10,2010,198,35,0,0,168,0,101,4,NA,233,401,2010,3751,1,3751,233,3,NA,6
4/27/10,2010,738,122,3,36,1176,8,116,4,NA,907,2083,2010,3766,1,3766,899,6.6,13,5
5/12/10,2010,215,37,2,9,455,0,131,5,NA,263,718,2010,3781,1,3781,263,5.7,11,17
5/21/10,2010,26,4,0,1,18,0,140,5,NA,31,49,2010,3790,1,3790,31,NA,NA,NA
6/7/10,2010,6,19,4,1,830,0,157,6,NA,30,860,2010,3807,1,3807,30,4.1,22,3
6/22/10,2010,0,0,0,0,8,0,172,6,NA,0,8,2010,3822,1,3822,0,4.8,37,5
7/8/10,2010,0,0,0,0,0,0,188,7,NA,0,0,2010,3838,1,3838,0,4,36,7
7/19/10,2010,0,0,0,0,0,0,199,7,NA,0,0,2010,3849,1,3849,0,3.4,29,4
8/2/10,2010,0,0,0,0,0,0,213,8,NA,0,0,2010,3863,1,3863,0,2.8,25,7
8/18/10,2010,0,0,0,0,0,0,229,8,NA,0,0,2010,3879,1,3879,0,2.4,22,7
8/31/10,2010,0,0,0,0,0,0,242,8,NA,0,0,2010,3892,1,3892,0,2.2,24,8
9/13/10,2010,0,0,0,0,5,0,255,9,NA,0,5,2010,3905,1,3905,0,1.8,15,20
9/29/10,2010,0,3,0,0,12,0,271,9,NA,3,15,2010,3921,1,3921,3,2.3,14,8
10/14/10,2010,5,1,0,0,2,0,286,10,NA,6,8,2010,3936,1,3936,6,NA,NA,NA
10/28/10,2010,3,3,0,0,38,0,300,10,NA,6,44,2010,3950,1,3950,6,3.3,4,20
11/10/10,2010,21,4,0,0,12,0,313,11,NA,25,37,2010,3963,1,3963,25,4,8,6
1/19/11,2011,288,0,0,0,24,4,18,1,NA,292,316,2011,4033,1,4033,288,NA,-10,6
2/15/11,2011,68,12,0,0,4,3,45,2,NA,83,87,2011,4060,1,4060,80,NA,3,6
3/16/11,2011,287,51,0,0,42,11,74,3,NA,349,391,2011,4089,1,4089,338,NA,10,6
5/2/11,2011,46,4,0,0,99,0,121,5,NA,50,149,2011,4136,1,4136,50,NA,0,7
5/17/11,2011,201,33,0,0,294,0,136,5,NA,234,528,2011,4151,1,4151,234,2.7,18,7
5/31/11,2011,462,69,5,14,519,2,150,5,NA,552,1071,2011,4165,1,4165,550,1.9,22,22
6/13/11,2011,423,256,4,75,325,224,163,6,NA,982,1307,2011,4178,1,4178,758,4.7,21,5
6/27/11,2011,180,1,0,0,204,0,177,6,NA,181,385,2011,4192,1,4192,181,3.6,21,8
7/12/11,2011,0,0,0,0,0,0,192,7,NA,0,0,2011,4207,1,4207,0,3.4,22,9
7/25/11,2011,0,0,0,0,0,0,205,7,NA,0,0,2011,4220,1,4220,0,3.3,25,8
8/8/11,2011,1,0,0,0,0,0,219,8,NA,1,1,2011,4234,1,4234,1,2.6,30,2
8/22/11,2011,0,0,0,0,0,0,233,8,NA,0,0,2011,4248,1,4248,0,2.6,23,5
9/7/11,2011,4,23,0,0,6,0,249,9,NA,27,33,2011,4264,1,4264,27,2.3,19,5
9/19/11,2011,3,3,0,0,0,0,261,9,NA,6,6,2011,4276,1,4276,6,2.1,15,8
10/5/11,2011,71,45,0,0,28,0,277,10,NA,116,144,2011,4292,1,4292,116,2.6,19.5,2
10/17/11,2011,44,12,0,0,21,1,289,10,NA,57,78,2011,4304,1,4304,56,2.6,9.5,9
10/31/11,2011,5,0,10,0,0,0,303,10,NA,15,15,2011,4318,1,4318,15,2.6,7.5,6
11/11/11,2011,656,10,0,0,88,0,314,11,NA,666,754,2011,4329,1,4329,666,2.5,3,5
1/16/12,2012,180,1,1,0,3,22,15,1,NA,204,207,2012,4395,1,4395,182,NA,-2,8
2/23/12,2012,158,10,0,0,49,0,53,2,NA,168,217,2012,4433,1,4433,168,NA,7,0
4/3/12,2012,13,12,0,0,14,0,93,4,NA,25,39,2012,4473,1,4473,25,3.1,15,5
4/16/12,2012,38,6,0,0,164,0,106,4,NA,44,208,2012,4486,1,4486,44,1.6,1,12
4/30/12,2012,223,58,0,0,724,1,120,4,NA,282,1006,2012,4500,1,4500,281,3.3,NA,2
5/14/12,2012,1048,9,2,13,441,0,134,5,NA,1072,1513,2012,4514,1,4514,1072,4.8,26,6
5/29/12,2012,292,39,4,2,510,0,149,5,NA,337,847,2012,4529,1,4529,337,5.3,15,9
6/11/12,2012,26,15,0,0,506,0,162,6,NA,41,547,2012,4542,1,4542,41,5.4,26,8
6/26/12,2012,1,0,0,0,2,0,177,6,NA,1,3,2012,4557,1,4557,1,3,30,5
7/10/12,2012,0,0,0,0,0,0,191,7,NA,0,0,2012,4571,1,4571,0,3.7,31,0
7/25/12,2012,0,0,0,0,255,0,206,7,NA,0,255,2012,4586,1,4586,0,3.2,20,4
8/6/12,2012,0,0,0,0,0,0,218,8,NA,0,0,2012,4598,1,4598,0,2.1,29,14
8/20/12,2012,0,0,0,0,0,0,232,8,NA,0,0,2012,4612,1,4612,0,1.6,22,7
9/4/12,2012,0,0,0,0,0,0,247,9,NA,0,0,2012,4627,1,4627,0,1.3,38,8
9/19/12,2012,0,1,0,1,12,0,262,9,NA,2,14,2012,4642,1,4642,2,1.3,12.5,6
10/1/12,2012,2,1,0,0,0,0,274,10,NA,3,3,2012,4654,1,4654,3,3.2,17,8
10/18/12,2012,15,0,1,0,8,0,291,10,NA,16,24,2012,4671,1,4671,16,3.2,12.5,0
11/1/12,2012,7,1,0,0,9,0,305,11,NA,8,17,2012,4685,1,4685,8,3.8,3.5,9
11/9/12,2012,64,11,0,0,35,0,313,11,NA,75,110,2012,4693,1,4693,75,4.2,4.5,6
1/25/13,2013,21,0,0,0,10,0,24,1,NA,21,31,2013,4769,1,4769,21,NA,-6,8
2/25/13,2013,359,62,0,0,40,1,55,2,NA,422,462,2013,4800,1,4800,421,NA,3,3
3/27/13,2013,97,29,0,0,137,0,85,3,NA,126,263,2013,4830,1,4830,126,NA,1,8
5/14/13,2013,30,6,0,0,14,0,133,5,NA,36,50,2013,4878,1,4878,36,2.6,21,6
5/28/13,2013,16,12,0,0,251,0,147,5,NA,28,279,2013,4892,1,4892,28,NA,NA,NA
6/10/13,2013,602,12,3,69,5,7,160,6,NA,693,698,2013,4905,1,4905,686,4.2,25,2
6/26/13,2013,246,111,2,19,57,35,176,6,NA,413,470,2013,4921,1,4921,378,4.2,29,10
7/11/13,2013,17,5,1,1,687,0,191,7,NA,24,711,2013,4936,1,4936,24,3.8,32,0
7/22/13,2013,7,1,0,0,3,0,202,7,NA,8,11,2013,4947,1,4947,8,NA,NA,NA
8/7/13,2013,0,0,0,0,0,0,218,8,NA,0,0,2013,4963,1,4963,0,3.4,20,5
8/19/13,2013,0,0,0,0,0,0,230,8,NA,0,0,2013,4975,1,4975,0,4.2,21,6
9/3/13,2013,0,0,0,0,6,0,245,9,NA,0,6,2013,4990,1,4990,0,2.1,21,9
10/1/13,2013,0,0,0,0,0,0,273,10,NA,0,0,2013,5018,1,5018,0,3.1,18,8
10/14/13,2013,0,0,0,0,0,0,286,10,NA,0,0,2013,5031,1,5031,0,NA,NA,NA
10/30/13,2013,0,0,0,0,4,0,302,10,NA,0,4,2013,5047,1,5047,0,3.1,7,4
1/17/14,2014,251,36,3,0,71,0,16,1,NA,290,361,2014,5126,1,5126,290,NA,-6,9
3/8/14,2014,52,3,0,0,27,0,66,3,NA,55,82,2014,5176,1,5176,55,NA,NA,NA
3/27/14,2014,70,7,0,0,21,0,85,3,NA,77,98,2014,5195,1,5195,77,NA,2,0
5/20/14,2014,61,5,0,0,36,0,139,5,NA,66,102,2014,5249,1,5249,66,1.6,19,3
6/2/14,2014,828,87,0,4,59,0,152,6,NA,919,978,2014,5262,1,5262,919,2.5,19,5
6/17/14,2014,781,23,17,28,458,0,167,6,NA,849,1307,2014,5277,1,5277,849,5.7,27,4
7/2/14,2014,1079,171,0,4,113,12,182,7,NA,1266,1379,2014,5292,1,5292,1254,4.2,15,4
7/14/14,2014,180,12,3,0,221,2,194,7,NA,197,418,2014,5304,1,5304,195,3.4,15,4
7/30/14,2014,206,67,7,0,33,0,210,7,NA,280,313,2014,5320,1,5320,280,4.2,26,7
8/12/14,2014,56,13,0,0,27,0,223,8,NA,69,96,2014,5333,1,5333,69,4.8,18,6
8/26/14,2014,52,13,0,0,15,0,237,8,NA,65,80,2014,5347,1,5347,65,4.4,27,8
9/8/14,2014,46,32,0,0,21,0,250,9,NA,78,99,2014,5360,1,5360,78,3.4,18,0
9/24/14,2014,180,171,3,0,35,1,266,9,NA,355,390,2014,5376,1,5376,354,2.3,21,7
10/6/14,2014,222,15,0,0,33,3,278,10,NA,240,273,2014,5388,1,5388,237,2.9,9,10
10/21/14,2014,1376,62,2,0,104,1,293,10,NA,1441,1545,2014,5403,1,5403,1440,2.8,11,4
11/3/14,2014,1336,4,0,0,913,3,306,11,NA,1343,2256,2014,5416,1,5416,1340,2.7,11,6
1/19/15,2015,609,0,0,0,22,2,18,1,NA,611,633,2015,5493,1,5493,609,NA,-3,5
2/24/15,2015,374,1,0,0,0,2,54,2,NA,377,377,2015,5529,1,5529,375,NA,-6,10
3/23/15,2015,2,0,0,0,6,0,81,3,NA,2,8,2015,5556,1,5556,2,NA,5,5
4/2/15,2015,114,24,0,0,290,10,91,4,NA,148,438,2015,5566,1,5566,138,NA,NA,NA
5/5/15,2015,597,103,2,0,1624,0,124,5,NA,702,2326,2015,5599,1,5599,702,4.5,18,5
5/19/15,2015,1916,0,52,54,394,6,138,5,NA,2028,2422,2015,5613,1,5613,2022,5.7,13,6
6/2/15,2015,647,29,1,8,243,13,152,6,NA,698,941,2015,5627,1,5627,685,6,24,5
6/18/15,2015,218,115,10,0,247,19,168,6,NA,362,609,2015,5643,1,5643,343,4.3,28,7
6/30/15,2015,336,31,0,0,61,16,180,6,NA,383,444,2015,5655,1,5655,367,4.5,16,4
7/13/15,2015,0,0,0,0,4,0,193,7,NA,0,4,2015,5668,1,5668,0,4.6,25,5
7/27/15,2015,0,0,0,0,0,0,207,7,NA,0,0,2015,5682,1,5682,0,4.5,37,5
8/10/15,2015,0,0,0,0,0,0,221,8,NA,0,0,2015,5696,1,5696,0,3.7,25,2
8/26/15,2015,0,0,0,0,0,0,237,8,NA,0,0,2015,5712,1,5712,0,3,18,8
9/8/15,2015,0,0,0,0,0,0,250,9,NA,0,0,2015,5725,1,5725,0,3.5,24,8
9/21/15,2015,0,0,0,0,0,0,263,9,NA,0,0,2015,5738,1,5738,0,3.1,21,6
10/19/15,2015,0,0,0,0,0,0,291,10,NA,0,0,2015,5766,1,5766,0,4,14,6
11/9/15,2015,82,5,0,0,11,0,312,11,NA,87,98,2015,5787,1,5787,87,4.3,12,7
1/28/16,2016,394,10,0,0,50,1,27,1,NA,405,455,2016,5867,1,5867,404,NA,-5,9
3/8/16,2016,10,3,0,0,4,0,67,3,NA,13,17,2016,5907,1,5907,13,NA,11,4
4/25/16,2016,7,5,0,0,305,0,115,4,NA,12,317,2016,5955,1,5955,12,3,5,10
5/10/16,2016,448,38,0,0,623,4,130,5,NA,490,1113,2016,5970,1,5970,486,3.2,16,10
5/23/16,2016,308,88,0,25,96,22,143,5,NA,443,539,2016,5983,1,5983,421,4.9,25,8
6/6/16,2016,692,90,0,42,288,100,157,6,NA,924,1212,2016,5997,1,5997,824,5.3,17.5,12
6/20/16,2016,137,78,0,1,10,42,171,6,NA,258,268,2016,6011,1,6011,216,3.9,23,20
7/5/16,2016,158,8,0,0,1,5,186,7,NA,171,172,2016,6026,1,6026,166,3.9,29,6
7/20/16,2016,0,0,0,0,1,0,201,7,NA,0,1,2016,6041,1,6041,0,4.6,28,4
8/3/16,2016,1,5,0,1,1,0,215,8,NA,7,8,2016,6055,1,6055,7,3.7,24.5,0
8/29/16,2016,1,0,0,0,0,0,241,8,NA,1,1,2016,6081,1,6081,1,NA,28,7
9/26/16,2016,2,1,1,0,35,0,269,9,NA,4,39,2016,6109,1,6109,4,2.4,12,11
10/24/16,2016,150,13,0,0,43,0,297,10,NA,163,206,2016,6137,1,6137,163,2.6,4,5
1/16/17,2017,530,3,1,2,28,13,15,1,NA,549,577,2017,6220,1,6220,536,NA,-2,0
3/21/17,2017,268,13,0,0,0,14,79,3,NA,295,295,2017,6284,1,6284,281,NA,-2,8
5/3/17,2017,786,53,5,4,706,14,122,5,NA,862,1568,2017,6327,1,6327,848,4.5,12,10
5/30/17,2017,164,42,6,0,83,22,149,5,NA,234,317,2017,6354,1,6354,212,3.5,NA,12
6/27/17,2017,72,21,4,0,113,7,177,6,NA,104,217,2017,6382,1,6382,97,2.6,25,7
7/25/17,2017,0,0,0,0,0,0,205,7,NA,0,0,2017,6410,1,6410,0,2.8,25,10
8/22/17,2017,0,0,0,0,0,0,233,8,NA,0,0,2017,6438,1,6438,0,2.6,18,10