Sensor,Depth ,Time,Temperature
102501,11.5,7/3/18 9:00,21.15482799
102501,11.5,7/3/18 9:30,22.19376977
102501,11.5,7/3/18 10:00,20.4117194
102501,11.5,7/3/18 10:30,26.76205095
102501,11.5,7/3/18 11:00,21.99607519
102501,11.5,7/3/18 11:30,25.45276045
102501,11.5,7/3/18 12:00,6.567114047
102501,11.5,7/3/18 12:30,6.235803515
102501,11.5,7/3/18 13:00,6.23405093
102501,11.5,7/3/18 13:30,6.179818836
102501,11.5,7/3/18 14:00,6.017861536
102501,11.5,7/3/18 14:30,5.974621469
102501,11.5,7/3/18 15:00,5.95986181
102501,11.5,7/3/18 15:30,5.978096619
102501,11.5,7/3/18 16:00,6.065324581
102501,11.5,7/3/18 16:30,6.09420408
102501,11.5,7/3/18 17:00,6.091210561
102501,11.5,7/3/18 17:30,6.081566461
102501,11.5,7/3/18 18:00,6.080148503
102501,11.5,7/3/18 18:30,6.138120141
102501,11.5,7/3/18 19:00,5.981738861
102501,11.5,7/3/18 19:30,5.992608412
102501,11.5,7/3/18 20:00,6.364731041
102501,11.5,7/3/18 20:30,6.366684645
102501,11.5,7/3/18 21:00,6.321801271
102501,11.5,7/3/18 21:30,6.241338278
102501,11.5,7/3/18 22:00,6.084703165
102501,11.5,7/3/18 22:30,6.085615056
102501,11.5,7/3/18 23:00,6.088708811
102501,11.5,7/3/18 23:30,6.26057903
102501,11.5,7/4/18 0:00,6.388060122
102501,11.5,7/4/18 0:30,6.113511886
102501,11.5,7/4/18 1:00,6.125887516
102501,11.5,7/4/18 1:30,6.155476356
102501,11.5,7/4/18 2:00,6.165942838
102501,11.5,7/4/18 2:30,6.233215231
102501,11.5,7/4/18 3:00,6.21515486
102501,11.5,7/4/18 3:30,6.260999286
102501,11.5,7/4/18 4:00,6.226467599
102501,11.5,7/4/18 4:30,6.267895362
102501,11.5,7/4/18 5:00,6.261505505
102501,11.5,7/4/18 5:30,6.290962472
102501,11.5,7/4/18 6:00,6.213512167
102501,11.5,7/4/18 6:30,6.154483196
102501,11.5,7/4/18 7:00,6.186241245
102501,11.5,7/4/18 7:30,6.202180571
102501,11.5,7/4/18 8:00,6.215675366
102501,11.5,7/4/18 8:30,6.245454762
102501,11.5,7/4/18 9:00,6.186565949
102501,11.5,7/4/18 9:30,6.215938006
102501,11.5,7/4/18 10:00,6.207781877
102501,11.5,7/4/18 10:30,6.16355062
102501,11.5,7/4/18 11:00,6.216114692
102501,11.5,7/4/18 11:30,6.163741615
102501,11.5,7/4/18 12:00,6.26903198
102501,11.5,7/4/18 12:30,6.36289208
102501,11.5,7/4/18 13:00,6.361740941
102501,11.5,7/4/18 13:30,6.206836385
102501,11.5,7/4/18 14:00,6.19183763
102501,11.5,7/4/18 14:30,6.195724569
102501,11.5,7/4/18 15:00,6.19158455
102501,11.5,7/4/18 15:30,6.183667499
102501,11.5,7/4/18 16:00,6.224227956
102501,11.5,7/4/18 16:30,6.258821595
102501,11.5,7/4/18 17:00,6.23740329
102501,11.5,7/4/18 17:30,6.324991753
102501,11.5,7/4/18 18:00,6.329825273
102501,11.5,7/4/18 18:30,6.357618833
102501,11.5,7/4/18 19:00,6.244800516
102501,11.5,7/4/18 19:30,6.254996329
102501,11.5,7/4/18 20:00,6.25351112
102501,11.5,7/4/18 20:30,6.186532524
102501,11.5,7/4/18 21:00,6.191087941
102501,11.5,7/4/18 21:30,6.286449269
102501,11.5,7/4/18 22:00,6.208760798
102501,11.5,7/4/18 22:30,6.218234922
102501,11.5,7/4/18 23:00,6.284839807
102501,11.5,7/4/18 23:30,6.247493913
102501,11.5,7/5/18 0:00,6.205742862
102501,11.5,7/5/18 0:30,6.208292826
102501,11.5,7/5/18 1:00,6.241371707
102501,11.5,7/5/18 1:30,6.178906811
102501,11.5,7/5/18 2:00,6.211239146
102501,11.5,7/5/18 2:30,6.19999832
102501,11.5,7/5/18 3:00,6.286368079
102501,11.5,7/5/18 3:30,6.325478924
102501,11.5,7/5/18 4:00,6.270287994
102501,11.5,7/5/18 4:30,6.254647711
102501,11.5,7/5/18 5:00,6.293851896
102501,11.5,7/5/18 5:30,6.220340834
102501,11.5,7/5/18 6:00,6.231395798
102501,11.5,7/5/18 6:30,6.217986607
102501,11.5,7/5/18 7:00,6.214873119
102501,11.5,7/5/18 7:30,6.314474694
102501,11.5,7/5/18 8:00,6.267360483
102501,11.5,7/5/18 8:30,6.211845602
102501,11.5,7/5/18 9:00,6.231739628
102501,11.5,7/5/18 9:30,6.270531556
102501,11.5,7/5/18 10:00,6.345778098
102501,11.5,7/5/18 10:30,6.334463007
102501,11.5,7/5/18 11:00,6.271071213
102501,11.5,7/5/18 11:30,6.216883513
102501,11.5,7/5/18 12:00,6.215789973
102501,11.5,7/5/18 12:30,6.228325219
102501,11.5,7/5/18 13:00,6.22907018
102501,11.5,7/5/18 13:30,6.25219306
102501,11.5,7/5/18 14:00,6.352417285
102501,11.5,7/5/18 14:30,6.241032647
102501,11.5,7/5/18 15:00,6.226142874
102501,11.5,7/5/18 15:30,6.234122562
102501,11.5,7/5/18 16:00,6.252245591
102501,11.5,7/5/18 16:30,6.362853868
102501,11.5,7/5/18 17:00,6.313376193
102501,11.5,7/5/18 17:30,6.343141551
102501,11.5,7/5/18 18:00,6.251877872
102501,11.5,7/5/18 18:30,6.292567176
102501,11.5,7/5/18 19:00,6.285398581
102501,11.5,7/5/18 19:30,6.422262676
102501,11.5,7/5/18 20:00,6.215341096
102501,11.5,7/5/18 20:30,6.255235109
102501,11.5,7/5/18 21:00,6.244313414
102501,11.5,7/5/18 21:30,6.276510795
102501,11.5,7/5/18 22:00,6.337104289
102501,11.5,7/5/18 22:30,6.323601885
102501,11.5,7/5/18 23:00,6.268520979
102501,11.5,7/5/18 23:30,6.254996329
102501,11.5,7/6/18 0:00,6.228774106
102501,11.5,7/6/18 0:30,6.28256651
102501,11.5,7/6/18 1:00,6.291325441
102501,11.5,7/6/18 1:30,6.250182546
102501,11.5,7/6/18 2:00,6.24460472
102501,11.5,7/6/18 2:30,6.225163925
102501,11.5,7/6/18 3:00,6.211778749
102501,11.5,7/6/18 3:30,6.237092886
102501,11.5,7/6/18 4:00,6.236515056
102501,11.5,7/6/18 4:30,6.255669689
102501,11.5,7/6/18 5:00,6.313772609
102501,11.5,7/6/18 5:30,6.341842388
102501,11.5,7/6/18 6:00,6.3225368
102501,11.5,7/6/18 6:30,6.232073906
102501,11.5,7/6/18 7:00,6.279796538
102501,11.5,7/6/18 7:30,6.261882782
102501,11.5,7/6/18 8:00,6.209754046
102501,11.5,7/6/18 8:30,6.276997925
102501,11.5,7/6/18 9:00,6.267947894
102501,11.5,7/6/18 9:30,6.280240688
102501,11.5,7/6/18 10:00,6.249561724
102501,11.5,7/6/18 10:30,6.275039858
102501,11.5,7/6/18 11:00,6.335002726
102501,11.5,7/6/18 11:30,6.356123801
102501,11.5,7/6/18 12:00,6.337825509
102501,11.5,7/6/18 12:30,6.277165077
102501,11.5,7/6/18 13:00,6.284672653
102501,11.5,7/6/18 13:30,6.264490295
102501,11.5,7/6/18 14:00,6.234829326
102501,11.5,7/6/18 14:30,6.350941372
102501,11.5,7/6/18 15:00,6.426456942
102501,11.5,7/6/18 15:30,6.357016999
102501,11.5,7/6/18 16:00,6.379347423
102501,11.5,7/6/18 16:30,6.40476464
102501,11.5,7/6/18 17:00,6.380484269
102501,11.5,7/6/18 17:30,6.342998261
102501,11.5,7/6/18 18:00,6.383636881
102501,11.5,7/6/18 18:30,6.420461732
102501,11.5,7/6/18 19:00,6.42960983
102501,11.5,7/6/18 19:30,6.365705454
102501,11.5,7/6/18 20:00,6.324514135
102501,11.5,7/6/18 20:30,6.337285788
102501,11.5,7/6/18 21:00,6.323630542
102501,11.5,7/6/18 21:30,6.325526686
102501,11.5,7/6/18 22:00,6.375545215
102501,11.5,7/6/18 22:30,6.424546111
102501,11.5,7/6/18 23:00,6.311723671
102501,11.5,7/6/18 23:30,6.324547568
102501,11.5,7/7/18 0:00,6.307821634
102501,11.5,7/7/18 0:30,6.2889566
102501,11.5,7/7/18 1:00,6.272967181
102501,11.5,7/7/18 1:30,6.277446848
102501,11.5,7/7/18 2:00,6.323138596
102501,11.5,7/7/18 2:30,6.317813194
102501,11.5,7/7/18 3:00,6.315582749
102501,11.5,7/7/18 3:30,6.32769508
102501,11.5,7/7/18 4:00,6.305935102
102501,11.5,7/7/18 4:30,6.271505805
102501,11.5,7/7/18 5:00,6.274404682
102501,11.5,7/7/18 5:30,6.273177314
102501,11.5,7/7/18 6:00,6.278640795
102501,11.5,7/7/18 6:30,6.280851991
102501,11.5,7/7/18 7:00,6.278464091
102501,11.5,7/7/18 7:30,6.286673734
102501,11.5,7/7/18 8:00,6.290260416
102501,11.5,7/7/18 8:30,6.313003659
102501,11.5,7/7/18 9:00,6.331305905
102501,11.5,7/7/18 9:30,6.363661099
102501,11.5,7/7/18 10:00,6.260817812
102501,11.5,7/7/18 10:30,6.271142849
102501,11.5,7/7/18 11:00,6.282499648
102501,11.5,7/7/18 11:30,6.31445559
102501,11.5,7/7/18 12:00,6.280264567
102501,11.5,7/7/18 12:30,6.277208059
102501,11.5,7/7/18 13:00,6.317698567
102501,11.5,7/7/18 13:30,6.352293098
102501,11.5,7/7/18 14:00,6.355025217
102501,11.5,7/7/18 14:30,6.35427054
102501,11.5,7/7/18 15:00,6.36981807
102501,11.5,7/7/18 15:30,6.29332177
102501,11.5,7/7/18 16:00,6.365036739
102501,11.5,7/7/18 16:30,6.345859296
102501,11.5,7/7/18 17:00,6.340204109
102501,11.5,7/7/18 17:30,6.302018778
102501,11.5,7/7/18 18:00,6.368791107
102501,11.5,7/7/18 18:30,6.442221571
102501,11.5,7/7/18 19:00,6.413611513
102501,11.5,7/7/18 19:30,6.294014278
102501,11.5,7/7/18 20:00,6.317058567
102501,11.5,7/7/18 20:30,6.280565442
102501,11.5,7/7/18 21:00,6.356806834
102501,11.5,7/7/18 21:30,6.354466374
102501,11.5,7/7/18 22:00,6.344880142
102501,11.5,7/7/18 22:30,6.3462223
102501,11.5,7/7/18 23:00,6.342339126
102501,11.5,7/7/18 23:30,6.349560992
102501,11.5,7/8/18 0:00,6.361702729
102501,11.5,7/8/18 0:30,6.350019526
102501,11.5,7/8/18 1:00,6.342654365
102501,11.5,7/8/18 1:30,6.339559307
102501,11.5,7/8/18 2:00,6.370482014
102501,11.5,7/8/18 2:30,6.340753386
102501,11.5,7/8/18 3:00,6.400417688
102501,11.5,7/8/18 3:30,6.402997194
102501,11.5,7/8/18 4:00,6.401535472
102501,11.5,7/8/18 4:30,6.329061077
102501,11.5,7/8/18 5:00,6.321084848
102501,11.5,7/8/18 5:30,6.318032896
102501,11.5,7/8/18 6:00,6.300189577
102501,11.5,7/8/18 6:30,6.308542816
102501,11.5,7/8/18 7:00,6.34522404
102501,11.5,7/8/18 7:30,6.328803161
102501,11.5,7/8/18 8:00,6.325607881
102501,11.5,7/8/18 8:30,6.346824123
102501,11.5,7/8/18 9:00,6.390138008
102501,11.5,7/8/18 9:30,6.421708539
102501,11.5,7/8/18 10:00,6.271935621
102501,11.5,7/8/18 10:30,6.32329621
102501,11.5,7/8/18 11:00,6.307205526
102501,11.5,7/8/18 11:30,6.316963045
102501,11.5,7/8/18 12:00,6.310892635
102501,11.5,7/8/18 12:30,6.327857471
102501,11.5,7/8/18 13:00,6.357700033
102501,11.5,7/8/18 13:30,6.342577943
102501,11.5,7/8/18 14:00,6.327914785
102501,11.5,7/8/18 14:30,6.32406995
102501,11.5,7/8/18 15:00,6.360016626
102501,11.5,7/8/18 15:30,6.374317623
102501,11.5,7/8/18 16:00,6.399333345
102501,11.5,7/8/18 16:30,6.391308314
102501,11.5,7/8/18 17:00,6.299477958
102501,11.5,7/8/18 17:30,6.340323517
102501,11.5,7/8/18 18:00,6.274385579
102501,11.5,7/8/18 18:30,6.286769252
102501,11.5,7/8/18 19:00,6.2890951
102501,11.5,7/8/18 19:30,6.31992902
102501,11.5,7/8/18 20:00,6.304177529
102501,11.5,7/8/18 20:30,6.310672936
102501,11.5,7/8/18 21:00,6.311933818
102501,11.5,7/8/18 21:30,6.336378293
102501,11.5,7/8/18 22:00,6.348925731
102501,11.5,7/8/18 22:30,6.329443175
102501,11.5,7/8/18 23:00,6.294979015
102501,11.5,7/8/18 23:30,6.343069906
102501,11.5,7/9/18 0:00,6.341192807
102501,11.5,7/9/18 0:30,6.349527557
102501,11.5,7/9/18 1:00,6.271945172
102501,11.5,7/9/18 1:30,6.290919489
102501,11.5,7/9/18 2:00,6.29923916
102501,11.5,7/9/18 2:30,6.315372601
102501,11.5,7/9/18 3:00,6.315033497
102501,11.5,7/9/18 3:30,6.309163702
102501,11.5,7/9/18 4:00,6.32465742
102501,11.5,7/9/18 4:30,6.269495225
102501,11.5,7/9/18 5:00,6.25907948
102501,11.5,7/9/18 5:30,6.307372687
102501,11.5,7/9/18 6:00,6.344349967
102501,11.5,7/9/18 6:30,6.379275773
102501,11.5,7/9/18 7:00,6.381329741
102501,11.5,7/9/18 7:30,6.279161356
102501,11.5,7/9/18 8:00,6.279815641
102501,11.5,7/9/18 8:30,6.297056548
102501,11.5,7/9/18 9:00,6.28701282
102501,11.5,7/9/18 9:30,6.27573712
102501,11.5,7/9/18 10:00,6.270383509
102501,11.5,7/9/18 10:30,6.283292436
102501,11.5,7/9/18 11:00,6.311752327
102501,11.5,7/9/18 11:30,6.330923806
102501,11.5,7/9/18 12:00,6.332896394
102501,11.5,7/9/18 12:30,6.313595893
102501,11.5,7/9/18 13:00,6.300094058
102501,11.5,7/9/18 13:30,6.314617977
102501,11.5,7/9/18 14:00,6.332079656
102501,11.5,7/9/18 14:30,6.299062449
102501,11.5,7/9/18 15:00,6.294964687
102501,11.5,7/9/18 15:30,6.279223442
102501,11.5,7/9/18 16:00,6.272040687
102501,11.5,7/9/18 16:30,6.300404496
102501,11.5,7/9/18 17:00,6.325803705
102501,11.5,7/9/18 17:30,6.358750857
102501,11.5,7/9/18 18:00,6.323730842
102501,11.5,7/9/18 18:30,6.317741552
102501,11.5,7/9/18 19:00,6.281749844
102501,11.5,7/9/18 19:30,6.273019714
102501,11.5,7/9/18 20:00,6.270120844
102501,11.5,7/9/18 20:30,6.296282845
102501,11.5,7/9/18 21:00,6.327308207
102501,11.5,7/9/18 21:30,6.34485626
102501,11.5,7/9/18 22:00,6.301808635
102501,11.5,7/9/18 22:30,6.286716717
102501,11.5,7/9/18 23:00,6.298709028
102501,11.5,7/9/18 23:30,6.357728692
102501,11.5,7/10/18 0:00,6.342062099
102501,11.5,7/10/18 0:30,6.266472204
102501,11.5,7/10/18 1:00,6.269714908
102501,11.5,7/10/18 1:30,6.276868978
102501,11.5,7/10/18 2:00,6.271730264
102501,11.5,7/10/18 2:30,6.279581627
102501,11.5,7/10/18 3:00,6.289558361
102501,11.5,7/10/18 3:30,6.307601936
102501,11.5,7/10/18 4:00,6.334763912
102501,11.5,7/10/18 4:30,6.386163761
102501,11.5,7/10/18 5:00,6.365820091
102501,11.5,7/10/18 5:30,6.22303412
102501,11.5,7/10/18 6:00,6.229538168
102501,11.5,7/10/18 6:30,6.246385989
102501,11.5,7/10/18 7:00,6.266496082
102501,11.5,7/10/18 7:30,6.296373588
102501,11.5,7/10/18 8:00,6.300351961
102501,11.5,7/10/18 8:30,6.299033793
102501,11.5,7/10/18 9:00,6.323090835
102501,11.5,7/10/18 9:30,6.272976733
102501,11.5,7/10/18 10:00,16.82293084
102501,11.5,7/10/18 10:30,6.347282655
102501,11.5,7/10/18 11:00,6.236013634
102501,11.5,7/10/18 11:30,6.371766916
102501,11.5,7/10/18 12:00,6.333732239
102501,11.5,7/10/18 12:30,6.373734876
102501,11.5,7/10/18 13:00,6.427966504
102501,11.5,7/10/18 13:30,6.363293307
102501,11.5,7/10/18 14:00,6.344187571
102501,11.5,7/10/18 14:30,6.579676739
102501,11.5,7/10/18 15:00,6.380297979
102501,11.5,7/10/18 15:30,6.464182985
102501,11.5,7/10/18 16:00,6.440291572
102501,11.5,7/10/18 16:30,6.391122021
102501,11.5,7/10/18 17:00,6.366393276
102501,11.5,7/10/18 17:30,6.3847403
102501,11.5,7/10/18 18:00,6.427603445
102501,11.5,7/10/18 18:30,6.426069998
102501,11.5,7/10/18 19:00,6.314102159
102501,11.5,7/10/18 19:30,6.336082164
102501,11.5,7/10/18 20:00,6.346494553
102501,11.5,7/10/18 20:30,6.456816227
102501,11.5,7/10/18 21:00,6.511620422
102501,11.5,7/10/18 21:30,6.513679699
102501,11.5,7/10/18 22:00,6.446406445
102501,11.5,7/10/18 22:30,6.336736515
102501,11.5,7/10/18 23:00,6.346561422
102501,11.5,7/10/18 23:30,6.371389566
102501,11.5,7/11/18 0:00,6.414256404
102501,11.5,7/11/18 0:30,6.415321671
102501,11.5,7/11/18 1:00,6.306216888
102501,11.5,7/11/18 1:30,6.362486076
102501,11.5,7/11/18 2:00,6.486102352
102501,11.5,7/11/18 2:30,6.402299771
102501,11.5,7/11/18 3:00,6.306704042
102501,11.5,7/11/18 3:30,6.33671741
102501,11.5,7/11/18 4:00,6.383880493
102501,11.5,7/11/18 4:30,6.416434709
102501,11.5,7/11/18 5:00,6.438223042
102501,11.5,7/11/18 5:30,6.394824027
102501,11.5,7/11/18 6:00,6.4193248
102501,11.5,7/11/18 6:30,6.405705688
102501,11.5,7/11/18 7:00,6.448298248
102501,11.5,7/11/18 7:30,6.431162395
102501,11.5,7/11/18 8:00,6.346384697
102501,11.5,7/11/18 8:30,6.338193284
102501,11.5,7/11/18 9:00,6.349097681
102501,11.5,7/11/18 9:30,6.350592694
102501,11.5,7/11/18 10:00,6.354934465
102501,11.5,7/11/18 10:30,6.400126301
102501,11.5,7/11/18 11:00,6.38642648
102501,11.5,7/11/18 11:30,6.382275524
102501,11.5,7/11/18 12:00,6.385490243
102501,11.5,7/11/18 12:30,6.423686239
102501,11.5,7/11/18 13:00,6.40338412
102501,11.5,7/11/18 13:30,6.426069998
102501,11.5,7/11/18 14:00,6.391599697
102501,11.5,7/11/18 14:30,6.38607778
102501,11.5,7/11/18 15:00,6.386240188
102501,11.5,7/11/18 15:30,6.39480492
102501,11.5,7/11/18 16:00,6.438528783
102501,11.5,7/11/18 16:30,6.409861605
102501,11.5,7/11/18 17:00,6.425329551
102501,11.5,7/11/18 17:30,6.45321888
102501,11.5,7/11/18 18:00,6.318243045
102501,11.5,7/11/18 18:30,6.348194944
102501,11.5,7/11/18 19:00,6.37903694
102501,11.5,7/11/18 19:30,6.385299175
102501,11.5,7/11/18 20:00,6.408247003
102501,11.5,7/11/18 20:30,6.369894495
102501,11.5,7/11/18 21:00,6.351977854
102501,11.5,7/11/18 21:30,6.361984543
102501,11.5,7/11/18 22:00,6.389870509
102501,11.5,7/11/18 22:30,6.401000464
102501,11.5,7/11/18 23:00,6.394976885
102501,11.5,7/11/18 23:30,6.378516285
102501,11.5,7/12/18 0:00,6.347889255
102501,11.5,7/12/18 0:30,6.426695797
102501,11.5,7/12/18 1:00,6.458053567
102501,11.5,7/12/18 1:30,6.354084259
102501,11.5,7/12/18 2:00,6.39316648
102501,11.5,7/12/18 2:30,6.417939465
102501,11.5,7/12/18 3:00,6.384047677
102501,11.5,7/12/18 3:30,6.377322123
102501,11.5,7/12/18 4:00,6.327422836
102501,11.5,7/12/18 4:30,6.359051776
102501,11.5,7/12/18 5:00,6.411748498
102501,11.5,7/12/18 5:30,6.370802045
102501,11.5,7/12/18 6:00,6.368896192
102501,11.5,7/12/18 6:30,6.38854735
102501,11.5,7/12/18 7:00,6.442364888
102501,11.5,7/12/18 7:30,6.372010523
102501,11.5,7/12/18 8:00,6.310491446
102501,11.5,7/12/18 8:30,6.322293215
102501,11.5,7/12/18 9:00,6.426194203
102501,11.5,7/12/18 9:30,6.373992813
102501,11.5,7/12/18 10:00,6.365203918
102501,11.5,7/12/18 10:30,6.331477849
102501,11.5,7/12/18 11:00,6.393386212
102501,11.5,7/12/18 11:30,6.309775037
102501,11.5,7/12/18 12:00,6.421359815
102501,11.5,7/12/18 12:30,6.491935894
102501,11.5,7/12/18 13:00,6.37368711
102501,11.5,7/12/18 13:30,6.4063649
102501,11.5,7/12/18 14:00,6.386178091
102501,11.5,7/12/18 14:30,6.370687407
102501,11.5,7/12/18 15:00,6.295642869
102501,11.5,7/12/18 15:30,6.357365681
102501,11.5,7/12/18 16:00,6.378587934
102501,11.5,7/12/18 16:30,6.369020382
102501,11.5,7/12/18 17:00,6.470560906
102501,11.5,7/12/18 17:30,6.367893113
102501,11.5,7/12/18 18:00,6.353062102
102501,11.5,7/12/18 18:30,6.573665337
102501,11.5,7/12/18 19:00,6.401435158
102501,11.5,7/12/18 19:30,6.328153596
102501,11.5,7/12/18 20:00,6.486054575
102501,11.5,7/12/18 20:30,6.474120156
102501,11.5,7/12/18 21:00,6.402180349
102501,11.5,7/12/18 21:30,6.408820234
102501,11.5,7/12/18 22:00,6.518037175
102501,11.5,7/12/18 22:30,6.40464044
102501,11.5,7/12/18 23:00,6.405438181
102501,11.5,7/12/18 23:30,6.405848995
102501,11.5,7/13/18 0:00,6.460690689
102501,11.5,7/13/18 0:30,6.448389016
102501,11.5,7/13/18 1:00,6.362032308
102501,11.5,7/13/18 1:30,6.342917063
102501,11.5,7/13/18 2:00,6.460083958
102501,11.5,7/13/18 2:30,6.488237965
102501,11.5,7/13/18 3:00,6.383402823
102501,11.5,7/13/18 3:30,6.30983235
102501,11.5,7/13/18 4:00,6.330704099
102501,11.5,7/13/18 4:30,6.36649836
102501,11.5,7/13/18 5:00,6.431391697
102501,11.5,7/13/18 5:30,6.461827713
102501,11.5,7/13/18 6:00,6.456873555
102501,11.5,7/13/18 6:30,6.346838452
102501,11.5,7/13/18 7:00,6.386154207
102501,11.5,7/13/18 7:30,6.375755386
102501,11.5,7/13/18 8:00,6.403513096
102501,11.5,7/13/18 8:30,6.442866498
102501,11.5,7/13/18 9:00,6.393190364
102501,11.5,7/13/18 9:30,6.389450155
102501,11.5,7/13/18 10:00,6.37919457
102501,11.5,7/13/18 10:30,6.366321628
102501,11.5,7/13/18 11:00,6.366240427
102501,11.5,7/13/18 11:30,6.418799328
102501,11.5,7/13/18 12:00,6.431047744
102501,11.5,7/13/18 12:30,6.402978086
102501,11.5,7/13/18 13:00,6.384912261
102501,11.5,7/13/18 13:30,6.41144755
102501,11.5,7/13/18 14:00,6.362060967
102501,11.5,7/13/18 14:30,6.367468
102501,11.5,7/13/18 15:00,6.371179396
102501,11.5,7/13/18 15:30,6.391618804
102501,11.5,7/13/18 16:00,6.373429173
102501,11.5,7/13/18 16:30,6.415570074
102501,11.5,7/13/18 17:00,6.522504584
102501,11.5,7/13/18 17:30,6.342993485
102501,11.5,7/13/18 18:00,6.318734987
102501,11.5,7/13/18 18:30,6.347664765
102501,11.5,7/13/18 19:00,6.419186266
102501,11.5,7/13/18 19:30,6.442374443
102501,11.5,7/13/18 20:00,6.439517664
102501,11.5,7/13/18 20:30,6.384869271
102501,11.5,7/13/18 21:00,6.378272675
102501,11.5,7/13/18 21:30,6.351433343
102501,11.5,7/13/18 22:00,6.371886331
102501,11.5,7/13/18 22:30,6.381816962
102501,11.5,7/13/18 23:00,6.440463552
102501,11.5,7/13/18 23:30,6.410907755
102501,11.5,7/14/18 0:00,6.345692123
102501,11.5,7/14/18 0:30,6.397995831
102501,11.5,7/14/18 1:00,6.430627356
102501,11.5,7/14/18 1:30,6.41292363
102501,11.5,7/14/18 2:00,6.377116727
102501,11.5,7/14/18 2:30,6.352813728
102501,11.5,7/14/18 3:00,6.344459823
102501,11.5,7/14/18 3:30,6.360885947
102501,11.5,7/14/18 4:00,6.380661006
102501,11.5,7/14/18 4:30,6.40405766
102501,11.5,7/14/18 5:00,6.428893263
102501,11.5,7/14/18 5:30,6.386044343
102501,11.5,7/14/18 6:00,6.427335927
102501,11.5,7/14/18 6:30,6.400245722
102501,11.5,7/14/18 7:00,6.410234206
102501,11.5,7/14/18 7:30,6.471831722
102501,11.5,7/14/18 8:00,6.325402505
102501,11.5,7/14/18 8:30,6.332156076
102501,11.5,7/14/18 9:00,6.344369072
102501,11.5,7/14/18 9:30,6.364926879
102501,11.5,7/14/18 10:00,6.435146537
102501,11.5,7/14/18 10:30,6.39893209
102501,11.5,7/14/18 11:00,6.385222747
102501,11.5,7/14/18 11:30,6.42985824
102501,11.5,7/14/18 12:00,6.385958362
102501,11.5,7/14/18 12:30,6.367477553
102501,11.5,7/14/18 13:00,6.408122803
102501,11.5,7/14/18 13:30,6.443100583
102501,11.5,7/14/18 14:00,6.494119309
102501,11.5,7/14/18 14:30,6.457962797
102501,11.5,7/14/18 15:00,6.441810729
102501,11.5,7/14/18 15:30,6.475004
102501,11.5,7/14/18 16:00,6.498328502
102501,11.5,7/14/18 16:30,6.603450723
102501,11.5,7/14/18 17:00,6.329868259
102501,11.5,7/14/18 17:30,6.349866681
102501,11.5,7/14/18 18:00,6.368609598
102501,11.5,7/14/18 18:30,6.45427945
102501,11.5,7/14/18 19:00,6.469385643
102501,11.5,7/14/18 19:30,6.43247133
102501,11.5,7/14/18 20:00,6.460513925
102501,11.5,7/14/18 20:30,6.437181615
102501,11.5,7/14/18 21:00,6.406216816
102501,11.5,7/14/18 21:30,6.375468789
102501,11.5,7/14/18 22:00,6.393457864
102501,11.5,7/14/18 22:30,6.420585935
102501,11.5,7/14/18 23:00,6.413816922
102501,11.5,7/14/18 23:30,6.417934688
102501,11.5,7/15/18 0:00,6.381262867
102501,11.5,7/15/18 0:30,6.374155218
102501,11.5,7/15/18 1:00,6.360021402
102501,11.5,7/15/18 1:30,6.39141818
102501,11.5,7/15/18 2:00,6.394666393
102501,11.5,7/15/18 2:30,6.398019715
102501,11.5,7/15/18 3:00,6.380455609
102501,11.5,7/15/18 3:30,6.390887959
102501,11.5,7/15/18 4:00,6.455531116
102501,11.5,7/15/18 4:30,6.50943693
102501,11.5,7/15/18 5:00,6.463939335
102501,11.5,7/15/18 5:30,6.366474477
102501,11.5,7/15/18 6:00,6.41801112
102501,11.5,7/15/18 6:30,6.364463555
102501,11.5,7/15/18 7:00,6.362648477
102501,11.5,7/15/18 7:30,6.405395189
102501,11.5,7/15/18 8:00,6.4152118
102501,11.5,7/15/18 8:30,6.389268639
102501,11.5,7/15/18 9:00,6.396151979
102501,11.5,7/15/18 9:30,6.377293463
102501,11.5,7/15/18 10:00,6.410076567
102501,11.5,7/15/18 10:30,6.402958979
102501,11.5,7/15/18 11:00,6.522232239
102501,11.5,7/15/18 11:30,6.423027005
102501,11.5,7/15/18 12:00,6.423886876
102501,11.5,7/15/18 12:30,6.396018228
102501,11.5,7/15/18 13:00,6.395430681
102501,11.5,7/15/18 13:30,6.389507476
102501,11.5,7/15/18 14:00,6.394355901
102501,11.5,7/15/18 14:30,6.416917186
102501,11.5,7/15/18 15:00,6.40856228
102501,11.5,7/15/18 15:30,6.40382837
102501,11.5,7/15/18 16:00,6.429289763
102501,11.5,7/15/18 16:30,6.394871795
102501,11.5,7/15/18 17:00,6.392688802
102501,11.5,7/15/18 17:30,6.383966473
102501,11.5,7/15/18 18:00,6.378310888
102501,11.5,7/15/18 18:30,6.382605115
102501,11.5,7/15/18 19:00,6.41445226
102501,11.5,7/15/18 19:30,6.413831253
102501,11.5,7/15/18 20:00,6.429877348
102501,11.5,7/15/18 20:30,6.409493781
102501,11.5,7/15/18 21:00,6.401855522
102501,11.5,7/15/18 21:30,6.382925153
102501,11.5,7/15/18 22:00,6.383154435
102501,11.5,7/15/18 22:30,6.417657622
102501,11.5,7/15/18 23:00,6.406727945
102501,11.5,7/15/18 23:30,6.468836232
102501,11.5,7/16/18 0:00,6.399949557
102501,11.5,7/16/18 0:30,6.349451134
102501,11.5,7/16/18 1:00,6.338647032
102501,11.5,7/16/18 1:30,6.33803089
102501,11.5,7/16/18 2:00,6.345687347
102501,11.5,7/16/18 2:30,6.396653544
102501,11.5,7/16/18 3:00,6.425081143
102501,11.5,7/16/18 3:30,6.439145042
102501,11.5,7/16/18 4:00,6.386115993
102501,11.5,7/16/18 4:30,6.372626704
102501,11.5,7/16/18 5:00,6.362175603
102501,11.5,7/16/18 5:30,6.375182191
102501,11.5,7/16/18 6:00,6.399648616
102501,11.5,7/16/18 6:30,6.389655555
102501,11.5,7/16/18 7:00,6.351810679
102501,11.5,7/16/18 7:30,6.358359186
102501,11.5,7/16/18 8:00,6.377479752
102501,11.5,7/16/18 8:30,6.455545448
102501,11.5,7/16/18 9:00,6.442761399
102501,11.5,7/16/18 9:30,6.367487106
102501,11.5,7/16/18 10:00,6.364817018
102501,11.5,7/16/18 10:30,6.503010733
102501,11.5,7/16/18 11:00,6.520330599
102501,11.5,7/16/18 11:30,6.602179561
102501,11.5,7/16/18 12:00,6.654988316
102501,11.5,7/16/18 12:30,6.482829674
102501,11.5,7/16/18 13:00,6.360871618
102501,11.5,7/16/18 13:30,6.40622637
102501,11.5,7/16/18 14:00,6.487917861
102501,11.5,7/16/18 14:30,6.395019876
102501,11.5,7/16/18 15:00,6.403111839
102501,11.5,7/16/18 15:30,6.41177716
102501,11.5,7/16/18 16:00,6.523350291
102501,11.5,7/16/18 16:30,6.384009464
102501,11.5,7/16/18 17:00,6.404678656
102501,11.5,7/16/18 17:30,6.436828103
102501,11.5,7/16/18 18:00,6.453553294
102501,11.5,7/16/18 18:30,6.442360111
102501,11.5,7/16/18 19:00,6.422339109
102501,11.5,7/16/18 19:30,6.415226131
102501,11.5,7/16/18 20:00,6.353448993
102501,11.5,7/16/18 20:30,6.345290909
102501,11.5,7/16/18 21:00,6.406713614
102501,11.5,7/16/18 21:30,6.378158036
102501,11.5,7/16/18 22:00,6.406512984
102501,11.5,7/16/18 22:30,6.43826126
102501,11.5,7/16/18 23:00,6.415101929
102501,11.5,7/16/18 23:30,6.386751298
102501,11.5,7/17/18 0:00,6.430092319
102501,11.5,7/17/18 0:30,6.428874154
102501,11.5,7/17/18 1:00,6.397642346
102501,11.5,7/17/18 1:30,6.356926246
102501,11.5,7/17/18 2:00,6.36052771
102501,11.5,7/17/18 2:30,6.366421935
102501,11.5,7/17/18 3:00,6.407458812
102501,11.5,7/17/18 3:30,6.420409185
102501,11.5,7/17/18 4:00,6.475926066
102501,11.5,7/17/18 4:30,6.434740478
102501,11.5,7/17/18 5:00,6.403957346
102501,11.5,7/17/18 5:30,6.370386483
102501,11.5,7/17/18 6:00,6.396596222
102501,11.5,7/17/18 6:30,6.40375194
102501,11.5,7/17/18 7:00,6.510502396
102501,11.5,7/17/18 7:30,6.40454968
102501,11.5,7/17/18 8:00,6.350024302
102501,11.5,7/17/18 8:30,6.432710187
102501,11.5,7/17/18 9:00,6.498342835
102501,11.5,7/17/18 9:30,6.472629568
102501,11.5,7/17/18 10:00,6.432719742
102501,11.5,7/17/18 10:30,6.421646438
102501,11.5,7/17/18 11:00,6.360556369
102501,11.5,7/17/18 11:30,6.364129198
102501,11.5,7/17/18 12:00,6.35117064
102501,11.5,7/17/18 12:30,6.391036039
102501,11.5,7/17/18 13:00,6.413692721
102501,11.5,7/17/18 13:30,6.441934937
102501,11.5,7/17/18 14:00,6.437062185
102501,11.5,7/17/18 14:30,6.425960125
102501,11.5,7/17/18 15:00,6.3456969
102501,11.5,7/17/18 15:30,6.463724351
102501,11.5,7/17/18 16:00,6.480020444
102501,11.5,7/17/18 16:30,6.56488252
102501,11.5,7/17/18 17:00,6.467302662
102501,11.5,7/17/18 17:30,6.369703432
102501,11.5,7/17/18 18:00,6.34157969
102501,11.5,7/17/18 18:30,6.434506397
102501,11.5,7/17/18 19:00,6.389168327
102501,11.5,7/17/18 19:30,6.460093513
102501,11.5,7/17/18 20:00,6.466547823
102501,11.5,7/17/18 20:30,6.4395941
102501,11.5,7/17/18 21:00,6.534010144
102501,11.5,7/17/18 21:30,6.441409442
102501,11.5,7/17/18 22:00,6.37789532
102501,11.5,7/17/18 22:30,6.437559013
102501,11.5,7/17/18 23:00,6.498873167
102501,11.5,7/17/18 23:30,6.418976077
102501,11.5,7/18/18 0:00,6.436125858
102501,11.5,7/18/18 0:30,6.445436659
102501,11.5,7/18/18 1:00,6.451470378
102501,11.5,7/18/18 1:30,6.415971341
102501,11.5,7/18/18 2:00,6.427503125
102501,11.5,7/18/18 2:30,6.377326899
102501,11.5,7/18/18 3:00,6.454499208
102501,11.5,7/18/18 3:30,6.456940439
102501,11.5,7/18/18 4:00,6.504520524
102501,11.5,7/18/18 4:30,6.559282244
102501,11.5,7/18/18 5:00,6.43586789
102501,11.5,7/18/18 5:30,6.401454266
102501,11.5,7/18/18 6:00,6.397637569
102501,11.5,7/18/18 6:30,6.468783679
102501,11.5,7/18/18 7:00,6.476040728
102501,11.5,7/18/18 7:30,6.434200659
102501,11.5,7/18/18 8:00,6.501897505
102501,11.5,7/18/18 8:30,6.599995655
102501,11.5,7/18/18 9:00,6.444361776
102501,11.5,7/18/18 9:30,6.436751668
102501,11.5,7/18/18 10:00,6.487392318
102501,11.5,7/18/18 10:30,6.520086923
102501,11.5,7/18/18 11:00,6.354490256
102501,11.5,7/18/18 11:30,6.461220981
102501,11.5,7/18/18 12:00,6.478181075
102501,11.5,7/18/18 12:30,6.501357614
102501,11.5,7/18/18 13:00,6.503445514
102501,11.5,7/18/18 13:30,6.441347338
102501,11.5,7/18/18 14:00,6.453548517
102501,11.5,7/18/18 14:30,6.451030865
102501,11.5,7/18/18 15:00,6.493015656
102501,11.5,7/18/18 15:30,6.433584406
102501,11.5,7/18/18 16:00,6.394561303
102501,11.5,7/18/18 16:30,6.574922086
102501,11.5,7/18/18 17:00,6.443468431
102501,11.5,7/18/18 17:30,6.476227052
102501,11.5,7/18/18 18:00,6.392793891
102501,11.5,7/18/18 18:30,6.40220901
102501,11.5,7/18/18 19:00,6.510244391
102501,11.5,7/18/18 19:30,6.4998765
102501,11.5,7/18/18 20:00,6.559530719
102501,11.5,7/18/18 20:30,6.465759542
102501,11.5,7/18/18 21:00,6.423227641
102501,11.5,7/18/18 21:30,6.412474595
102501,11.5,7/18/18 22:00,6.450333378
102501,11.5,7/18/18 22:30,6.468793234
102501,11.5,7/18/18 23:00,6.45072034
102501,11.5,7/18/18 23:30,6.492251222
102501,11.5,7/19/18 0:00,6.478324402
102501,11.5,7/19/18 0:30,6.470255146
102501,11.5,7/19/18 1:00,6.521572875
102501,11.5,7/19/18 1:30,6.404444588
102501,11.5,7/19/18 2:00,6.410129113
102501,11.5,7/19/18 2:30,6.499393944
102501,11.5,7/19/18 3:00,6.505050862
102501,11.5,7/19/18 3:30,6.490125147
102501,11.5,7/19/18 4:00,6.425659169
102501,11.5,7/19/18 4:30,6.495280297
102501,11.5,7/19/18 5:00,6.585420614
102501,11.5,7/19/18 5:30,6.432896496
102501,11.5,7/19/18 6:00,6.423805666
102501,11.5,7/19/18 6:30,6.47312643
102501,11.5,7/19/18 7:00,6.5631384
102501,11.5,7/19/18 7:30,6.517803055
102501,11.5,7/19/18 8:00,6.393988088
102501,11.5,7/19/18 8:30,6.432289799
102501,11.5,7/19/18 9:00,6.423633691
102501,11.5,7/19/18 9:30,6.45835932
102501,11.5,7/19/18 10:00,6.486733002
102501,11.5,7/19/18 10:30,6.477903976
102501,11.5,7/19/18 11:00,6.403226484
102501,11.5,7/19/18 11:30,6.512475666
102501,11.5,7/19/18 12:00,6.402600713
102501,11.5,7/19/18 12:30,6.46808139
102501,11.5,7/19/18 13:00,6.543222433
102501,11.5,7/19/18 13:30,6.489351163
102501,11.5,7/19/18 14:00,6.427737203
102501,11.5,7/19/18 14:30,6.409508112
102501,11.5,7/19/18 15:00,6.431468131
102501,11.5,7/19/18 15:30,6.479451911
102501,11.5,7/19/18 16:00,6.50428641
102501,11.5,7/19/18 16:30,6.505676759
102501,11.5,7/19/18 17:00,6.633175889
102501,11.5,7/19/18 17:30,6.494162308
102501,11.5,7/19/18 18:00,6.492877102
102501,11.5,7/19/18 18:30,6.508094349
102501,11.5,7/19/18 19:00,6.434730924
102501,11.5,7/19/18 19:30,6.384702086
102501,11.5,7/19/18 20:00,6.435466608
102501,11.5,7/19/18 20:30,6.51755938
102501,11.5,7/19/18 21:00,6.529929653
102501,11.5,7/19/18 21:30,6.530120776
102501,11.5,7/19/18 22:00,6.473809616
102501,11.5,7/19/18 22:30,6.480412206
102501,11.5,7/19/18 23:00,6.473518187
102501,11.5,7/19/18 23:30,6.475868736
102501,11.5,7/20/18 0:00,6.523608304
102501,11.5,7/20/18 0:30,6.474564466
102501,11.5,7/20/18 1:00,6.411595635
102501,11.5,7/20/18 1:30,6.491419902
102501,11.5,7/20/18 2:00,6.516216777
102501,11.5,7/20/18 2:30,6.471941605
102501,11.5,7/20/18 3:00,6.503966296
102501,11.5,7/20/18 3:30,6.468162607
102501,11.5,7/20/18 4:00,6.45877973
102501,11.5,7/20/18 4:30,6.502002616
102501,11.5,7/20/18 5:00,6.533857244
102501,11.5,7/20/18 5:30,6.50950382
102501,11.5,7/20/18 6:00,6.420084347
102501,11.5,7/20/18 6:30,6.421636883
102501,11.5,7/20/18 7:00,6.425998342
102501,11.5,7/20/18 7:30,6.517129364
102501,11.5,7/20/18 8:00,6.535262011
102501,11.5,7/20/18 8:30,6.40338412
102501,11.5,7/20/18 9:00,6.3809285
102501,11.5,7/20/18 9:30,6.432633753
102501,11.5,7/20/18 10:00,6.444399994
102501,11.5,7/20/18 10:30,6.505671981
102501,11.5,7/20/18 11:00,6.522628812
102501,11.5,7/20/18 11:30,6.648349848
102501,11.5,7/20/18 12:00,6.484110077
102501,11.5,7/20/18 12:30,6.537378725
102501,11.5,7/20/18 13:00,6.554097748
102501,11.5,7/20/18 13:30,6.473929054
102501,11.5,7/20/18 14:00,6.523512743
102501,11.5,7/20/18 14:30,6.681571847
102501,11.5,7/20/18 15:00,6.601161678
102501,11.5,7/20/18 15:30,6.426901212
102501,11.5,7/20/18 16:00,6.476776471
102501,11.5,7/20/18 16:30,6.561370394
102501,11.5,7/20/18 17:00,6.523097057
102501,11.5,7/20/18 17:30,6.433264337
102501,11.5,7/20/18 18:00,6.543881825
102501,11.5,7/20/18 18:30,6.587155259
102501,11.5,7/20/18 19:00,6.578916947
102501,11.5,7/20/18 19:30,6.482285026
102501,11.5,7/20/18 20:00,6.457967574
102501,11.5,7/20/18 20:30,6.531391745
102501,11.5,7/20/18 21:00,6.538353468
102501,11.5,7/20/18 21:30,6.472825446
102501,11.5,7/20/18 22:00,6.426466496
102501,11.5,7/20/18 22:30,6.462057029
102501,11.5,7/20/18 23:00,6.484836277
102501,11.5,7/20/18 23:30,6.614996477
102501,11.5,7/21/18 0:00,6.480780081
102501,11.5,7/21/18 0:30,6.471253644
102501,11.5,7/21/18 1:00,6.479585683
102501,11.5,7/21/18 1:30,6.512886566
102501,11.5,7/21/18 2:00,6.508486134
102501,11.5,7/21/18 2:30,6.456486589
102501,11.5,7/21/18 3:00,6.478286182
102501,11.5,7/21/18 3:30,6.514334273
102501,11.5,7/21/18 4:00,6.50912159
102501,11.5,7/21/18 4:30,6.429456962
102501,11.5,7/21/18 5:00,6.420743577
102501,11.5,7/21/18 5:30,6.47603595
102501,11.5,7/21/18 6:00,6.509064256
102501,11.5,7/21/18 6:30,6.614566373
102501,11.5,7/21/18 7:00,6.547240919
102501,11.5,7/21/18 7:30,6.545320069
102501,11.5,7/21/18 8:00,6.471224979
102501,11.5,7/21/18 8:30,6.442450878
102501,11.5,7/21/18 9:00,6.569474604
102501,11.5,7/21/18 9:30,6.502165062
102501,11.5,7/21/18 10:00,6.459305243
102501,11.5,7/21/18 10:30,6.457948465
102501,11.5,7/21/18 11:00,6.535328905
102501,11.5,7/21/18 11:30,6.534459287
102501,11.5,7/21/18 12:00,6.458727179
102501,11.5,7/21/18 12:30,6.499494278
102501,11.5,7/21/18 13:00,6.520751062
102501,11.5,7/21/18 13:30,6.60142929
102501,11.5,7/21/18 14:00,6.502279729
102501,11.5,7/21/18 14:30,6.518758647
102501,11.5,7/21/18 15:00,6.506512881
102501,11.5,7/21/18 15:30,6.508634248
102501,11.5,7/21/18 16:00,6.61431309
102501,11.5,7/21/18 16:30,6.494248307
102501,11.5,7/21/18 17:00,6.47744533
102501,11.5,7/21/18 17:30,6.46866902
102501,11.5,7/21/18 18:00,6.538740498
102501,11.5,7/21/18 18:30,6.554733264
102501,11.5,7/21/18 19:00,6.652574751
102501,11.5,7/21/18 19:30,6.520770174
102501,11.5,7/21/18 20:00,6.498978278
102501,11.5,7/21/18 20:30,6.519470564
102501,11.5,7/21/18 21:00,6.541564399
102501,11.5,7/21/18 21:30,6.605156762
102501,11.5,7/21/18 22:00,6.483216661
102501,11.5,7/21/18 22:30,6.471086431
102501,11.5,7/21/18 23:00,6.551335891
102501,11.5,7/21/18 23:30,6.573455083
102501,11.5,7/22/18 0:00,6.586596158
102501,11.5,7/22/18 0:30,6.537311831
102501,11.5,7/22/18 1:00,6.47939458
102501,11.5,7/22/18 1:30,6.537923434
102501,11.5,7/22/18 2:00,6.551460127
102501,11.5,7/22/18 2:30,6.539194424
102501,11.5,7/22/18 3:00,6.647250616
102501,11.5,7/22/18 3:30,6.543533016
102501,11.5,7/22/18 4:00,6.502853066
102501,11.5,7/22/18 4:30,6.566048456
102501,11.5,7/22/18 5:00,6.536900911
102501,11.5,7/22/18 5:30,6.469366533
102501,11.5,7/22/18 6:00,6.498658168
102501,11.5,7/22/18 6:30,6.542027883
102501,11.5,7/22/18 7:00,6.565513272
102501,11.5,7/22/18 7:30,6.596086632
102501,11.5,7/22/18 8:00,6.522146235
102501,11.5,7/22/18 8:30,6.480244991
102501,11.5,7/22/18 9:00,6.534086594
102501,11.5,7/22/18 9:30,6.559717076
102501,11.5,7/22/18 10:00,6.584503118
102501,11.5,7/22/18 10:30,6.596722205
102501,11.5,7/22/18 11:00,6.599957425
102501,11.5,7/22/18 11:30,6.489499271
102501,11.5,7/22/18 12:00,6.459773428
102501,11.5,7/22/18 12:30,6.559707519
102501,11.5,7/22/18 13:00,6.540866784
102501,11.5,7/22/18 13:30,6.501462725
102501,11.5,7/22/18 14:00,6.542161673
102501,11.5,7/22/18 14:30,6.542935741
102501,11.5,7/22/18 15:00,6.567931161
102501,11.5,7/22/18 15:30,6.537617632
102501,11.5,7/22/18 16:00,6.544679787
102501,11.5,7/22/18 16:30,6.553314105
102501,11.5,7/22/18 17:00,6.516116441
102501,11.5,7/22/18 17:30,6.547866869
102501,11.5,7/22/18 18:00,6.680075824
102501,11.5,7/22/18 18:30,6.598509458
102501,11.5,7/22/18 19:00,6.50334518
102501,11.5,7/22/18 19:30,6.48948016
102501,11.5,7/22/18 20:00,6.500167945
102501,11.5,7/22/18 20:30,6.50562898
102501,11.5,7/22/18 21:00,6.542586932
102501,11.5,7/22/18 21:30,6.553524351
102501,11.5,7/22/18 22:00,6.580837933
102501,11.5,7/22/18 22:30,6.689520448
102501,11.5,7/22/18 23:00,6.611526986
102501,11.5,7/22/18 23:30,6.504816749
102501,11.5,7/23/18 0:00,6.506044652
102501,11.5,7/23/18 0:30,6.506374323
102501,11.5,7/23/18 1:00,6.497860281
102501,11.5,7/23/18 1:30,6.494735636
102501,11.5,7/23/18 2:00,6.546218376
102501,11.5,7/23/18 2:30,6.599025564
102501,11.5,7/23/18 3:00,6.577497716
102501,11.5,7/23/18 3:30,6.535123445
102501,11.5,7/23/18 4:00,6.491802118
102501,11.5,7/23/18 4:30,6.518906764
102501,11.5,7/23/18 5:00,6.510330393
102501,11.5,7/23/18 5:30,6.515136964
102501,11.5,7/23/18 6:00,6.530187669
102501,11.5,7/23/18 6:30,6.55577016
102501,11.5,7/23/18 7:00,6.509441708
102501,11.5,7/23/18 7:30,6.545950795
102501,11.5,7/23/18 8:00,6.491582344
102501,11.5,7/23/18 8:30,6.528056652
102501,11.5,7/23/18 9:00,6.562101487
102501,11.5,7/23/18 9:30,6.512709783
102501,11.5,7/23/18 10:00,6.500617056
102501,11.5,7/23/18 10:30,6.487153435
102501,11.5,7/23/18 11:00,6.533723457
102501,11.5,7/23/18 11:30,6.548578829
102501,11.5,7/23/18 12:00,6.561824341
102501,11.5,7/23/18 12:30,6.570521089
102501,11.5,7/23/18 13:00,6.570998937
102501,11.5,7/23/18 13:30,6.490125147
102501,11.5,7/23/18 14:00,6.506508103
102501,11.5,7/23/18 14:30,6.52070806
102501,11.5,7/23/18 15:00,6.494415528
102501,11.5,7/23/18 15:30,6.539538452
102501,11.5,7/23/18 16:00,6.535128223
102501,11.5,7/23/18 16:30,6.53003477
102501,11.5,7/23/18 17:00,6.515734206
102501,11.5,7/23/18 17:30,6.538071557
102501,11.5,7/23/18 18:00,6.565733079
102501,11.5,7/23/18 18:30,6.489647379
102501,11.5,7/23/18 19:00,6.500574056
102501,11.5,7/23/18 19:30,6.576995969
102501,11.5,7/23/18 20:00,6.560610631
102501,11.5,7/23/18 20:30,6.504123964
102501,11.5,7/23/18 21:00,6.489231721
102501,11.5,7/23/18 21:30,6.511524864
102501,11.5,7/23/18 22:00,6.502609397
102501,11.5,7/23/18 22:30,6.529881872
102501,11.5,7/23/18 23:00,6.562631889
102501,11.5,7/23/18 23:30,6.551082642
102501,11.5,7/24/18 0:00,6.498557834
102501,11.5,7/24/18 0:30,6.500860723
102501,11.5,7/24/18 1:00,6.497869836
102501,11.5,7/24/18 1:30,6.527760413
102501,11.5,7/24/18 2:00,6.601104332
102501,11.5,7/24/18 2:30,6.583504388
102501,11.5,7/24/18 3:00,6.487688533
102501,11.5,7/24/18 3:30,6.454771517
102501,11.5,7/24/18 4:00,6.474640907
102501,11.5,7/24/18 4:30,6.539872924
102501,11.5,7/24/18 5:00,6.528104432
102501,11.5,7/24/18 5:30,6.516751907
102501,11.5,7/24/18 6:00,6.505523868
102501,11.5,7/24/18 6:30,6.541822421
102501,11.5,7/24/18 7:00,6.507750344
102501,11.5,7/24/18 7:30,6.513479026
102501,11.5,7/24/18 8:00,6.564524138
102501,11.5,7/24/18 8:30,6.523550968
102501,11.5,7/24/18 9:00,6.483646647
102501,11.5,7/24/18 9:30,6.471879498
102501,11.5,7/24/18 10:00,6.493837423
102501,11.5,7/24/18 10:30,6.467560645
102501,11.5,7/24/18 11:00,6.506522436
102501,11.5,7/24/18 11:30,6.640726962
102501,11.5,7/24/18 12:00,6.634141273
102501,11.5,7/24/18 12:30,6.506383879
102501,11.5,7/24/18 13:00,6.464990372
102501,11.5,7/24/18 13:30,6.575705764
102501,11.5,7/24/18 14:00,6.505848761
102501,11.5,7/24/18 14:30,6.453586735
102501,11.5,7/24/18 15:00,6.481009406
102501,11.5,7/24/18 15:30,6.603613203
102501,11.5,7/24/18 16:00,6.627421865
102501,11.5,7/24/18 16:30,6.532662718
102501,11.5,7/24/18 17:00,6.525677187
102501,11.5,7/24/18 17:30,6.523574858
102501,11.5,7/24/18 18:00,6.552324997
102501,11.5,7/24/18 18:30,6.481119291
102501,11.5,7/24/18 19:00,6.493493427
102501,11.5,7/24/18 19:30,6.57536171
102501,11.5,7/24/18 20:00,6.597687512
102501,11.5,7/24/18 20:30,6.671979226
102501,11.5,7/24/18 21:00,6.59284666
102501,11.5,7/24/18 21:30,6.469557632
102501,11.5,7/24/18 22:00,6.555966071
102501,11.5,7/24/18 22:30,6.633873641
102501,11.5,7/24/18 23:00,6.646562401
102501,11.5,7/24/18 23:30,6.46874546
102501,11.5,7/25/18 0:00,6.479843673
102501,11.5,7/25/18 0:30,6.515648203
102501,11.5,7/25/18 1:00,6.559659735
102501,11.5,7/25/18 1:30,6.505867872
102501,11.5,7/25/18 2:00,6.499986389
102501,11.5,7/25/18 2:30,6.55443223
102501,11.5,7/25/18 3:00,6.558360021
102501,11.5,7/25/18 3:30,6.559463822
102501,11.5,7/25/18 4:00,6.46721189
102501,11.5,7/25/18 4:30,6.486699558
102501,11.5,7/25/18 5:00,6.442407883
102501,11.5,7/25/18 5:30,6.453897262
102501,11.5,7/25/18 6:00,6.501314614
102501,11.5,7/25/18 6:30,6.566593197
102501,11.5,7/25/18 7:00,6.554336663
102501,11.5,7/25/18 7:30,6.508930476
102501,11.5,7/25/18 8:00,6.499432167
102501,11.5,7/25/18 8:30,6.521926447
102501,11.5,7/25/18 9:00,6.564476354
102501,11.5,7/25/18 9:30,6.448704318
102501,11.5,7/25/18 10:00,6.552052635
102501,11.5,7/25/18 10:30,6.478983708
102501,11.5,7/25/18 11:00,6.504114409
102501,11.5,7/25/18 11:30,6.638375602
102501,11.5,7/25/18 12:00,6.530937827
102501,11.5,7/25/18 12:30,6.575944691
102501,11.5,7/25/18 13:00,6.49487419
102501,11.5,7/25/18 13:30,6.473585072
102501,11.5,7/25/18 14:00,6.579423475
102501,11.5,7/25/18 14:30,6.537115927
102501,11.5,7/25/18 15:00,6.557533366
102501,11.5,7/25/18 15:30,6.50117128
102501,11.5,7/25/18 16:00,6.440487438
102501,11.5,7/25/18 16:30,6.44251776
102501,11.5,7/25/18 17:00,6.478324402
102501,11.5,7/25/18 17:30,6.665158888
102501,11.5,7/25/18 18:00,6.506971554
102501,11.5,7/25/18 18:30,6.496747064
102501,11.5,7/25/18 19:00,6.571887735
102501,11.5,7/25/18 19:30,6.546710534
102501,11.5,7/25/18 20:00,6.531740546
102501,11.5,7/25/18 20:30,6.584034814
102501,11.5,7/25/18 21:00,6.710518254
102501,11.5,7/25/18 21:30,6.591413051
102501,11.5,7/25/18 22:00,6.610446957
102501,11.5,7/25/18 22:30,6.514530168
102501,11.5,7/25/18 23:00,6.47766032
102501,11.5,7/25/18 23:30,6.494568415
102501,11.5,7/26/18 0:00,6.765687138
102501,11.5,7/26/18 0:30,6.530928271
102501,11.5,7/26/18 1:00,6.498533946
102501,11.5,7/26/18 1:30,6.544722791
102501,11.5,7/26/18 2:00,6.572809985
102501,11.5,7/26/18 2:30,6.605032513
102501,11.5,7/26/18 3:00,6.561422956
102501,11.5,7/26/18 3:30,6.595255133
102501,11.5,7/26/18 4:00,6.513254465
102501,11.5,7/26/18 4:30,6.487932194
102501,11.5,7/26/18 5:00,6.499952944
102501,11.5,7/26/18 5:30,6.630279752
102501,11.5,7/26/18 6:00,6.58091439
102501,11.5,7/26/18 6:30,6.530784928
102501,11.5,7/26/18 7:00,6.53165454
102501,11.5,7/26/18 7:30,6.592364011
102501,11.5,7/26/18 8:00,6.605419598
102501,11.5,7/26/18 8:30,6.540603984
102501,11.5,7/26/18 9:00,6.515027072
102501,11.5,7/26/18 9:30,6.518108845
102501,11.5,7/26/18 10:00,6.507927124
102501,11.5,7/26/18 10:30,6.608263012
102501,11.5,7/26/18 11:00,6.561427735
102501,11.5,7/26/18 11:30,6.518825539
102501,11.5,7/26/18 12:00,6.493617648
102501,11.5,7/26/18 12:30,6.522189237
102501,11.5,7/26/18 13:00,6.532715277
102501,11.5,7/26/18 13:30,6.56268923
102501,11.5,7/26/18 14:00,6.536523438
102501,11.5,7/26/18 14:30,6.600416187
102501,11.5,7/26/18 15:00,6.592918341
102501,11.5,7/26/18 15:30,6.510397283
102501,11.5,7/26/18 16:00,6.580030353
102501,11.5,7/26/18 16:30,6.501185613
102501,11.5,7/26/18 17:00,6.740193178
102501,11.5,7/26/18 17:30,6.584985759
102501,11.5,7/26/18 18:00,6.58277804
102501,11.5,7/26/18 18:30,6.602112658
102501,11.5,7/26/18 19:00,6.497339505
102501,11.5,7/26/18 19:30,6.543145982
102501,11.5,7/26/18 20:00,6.605744559
102501,11.5,7/26/18 20:30,6.700050295
102501,11.5,7/26/18 21:00,6.558704063
102501,11.5,7/26/18 21:30,6.550829393
102501,11.5,7/26/18 22:00,6.521763995
102501,11.5,7/26/18 22:30,6.587771705
102501,11.5,7/26/18 23:00,6.612965435
102501,11.5,7/26/18 23:30,6.609338257
102501,11.5,7/27/18 0:00,6.551058751
102501,11.5,7/27/18 0:30,6.598131936
102501,11.5,7/27/18 1:00,6.55243012
102501,11.5,7/27/18 1:30,6.524195999
102501,11.5,7/27/18 2:00,6.58209948
102501,11.5,7/27/18 2:30,6.541855869
102501,11.5,7/27/18 3:00,6.584608248
102501,11.5,7/27/18 3:30,6.572996346
102501,11.5,7/27/18 4:00,6.572112324
102501,11.5,7/27/18 4:30,6.575696207
102501,11.5,7/27/18 5:00,6.619264082
102501,11.5,7/27/18 5:30,6.591938707
102501,11.5,7/27/18 6:00,6.497081507
102501,11.5,7/27/18 6:30,6.558058985
102501,11.5,7/27/18 7:00,6.57761718
102501,11.5,7/27/18 7:30,6.63097272
102501,11.5,7/27/18 8:00,6.653172167
102501,11.5,7/27/18 8:30,6.509656712
102501,11.5,7/27/18 9:00,6.54429753
102501,11.5,7/27/18 9:30,6.579624175
102501,11.5,7/27/18 10:00,6.621032306
102501,11.5,7/27/18 10:30,6.766953988
102501,11.5,7/27/18 11:00,6.756460759
102501,11.5,7/27/18 11:30,6.696465435
102501,11.5,7/27/18 12:00,6.622604597
102501,11.5,7/27/18 12:30,6.613658378
102501,11.5,7/27/18 13:00,6.539184868
102501,11.5,7/27/18 13:30,6.60992128
102501,11.5,7/27/18 14:00,6.820958816
102501,11.5,7/27/18 14:30,6.619450462
102501,11.5,7/27/18 15:00,6.531138506
102501,11.5,7/27/18 15:30,6.580331403
102501,11.5,7/27/18 16:00,6.603813913
102501,11.5,7/27/18 16:30,6.580704132
102501,11.5,7/27/18 17:00,6.638375602
102501,11.5,7/27/18 17:30,6.59884875
102501,11.5,7/27/18 18:00,6.681968556
102501,11.5,7/27/18 18:30,6.592526487
102501,11.5,7/27/18 19:00,6.573889927
102501,11.5,7/27/18 19:30,6.562111044
102501,11.5,7/27/18 20:00,6.66417432
102501,11.5,7/27/18 20:30,6.636387469
102501,11.5,7/27/18 21:00,6.645702135
102501,11.5,7/27/18 21:30,6.68524262
102501,11.5,7/27/18 22:00,6.67794412
102501,11.5,7/27/18 22:30,6.564528917
102501,11.5,7/27/18 23:00,6.59500186
102501,11.5,7/27/18 23:30,6.67532491
102501,11.5,7/28/18 0:00,6.625405106
102501,11.5,7/28/18 0:30,6.520617278
102501,11.5,7/28/18 1:00,6.617978539
102501,11.5,7/28/18 1:30,6.596163092
102501,11.5,7/28/18 2:00,6.586113516
102501,11.5,7/28/18 2:30,6.663089387
102501,11.5,7/28/18 3:00,6.712272498
102501,11.5,7/28/18 3:30,6.664518441
102501,11.5,7/28/18 4:00,6.664666604
102501,11.5,7/28/18 4:30,6.576049819
102501,11.5,7/28/18 5:00,6.575127563
102501,11.5,7/28/18 5:30,6.614575931
102501,11.5,7/28/18 6:00,6.776806865
102501,11.5,7/28/18 6:30,6.57751683
102501,11.5,7/28/18 7:00,6.551474462
102501,11.5,7/28/18 7:30,6.608788687
102501,11.5,7/28/18 8:00,6.607426712
102501,11.5,7/28/18 8:30,6.565446374
102501,11.5,7/28/18 9:00,6.610461293
102501,11.5,7/28/18 9:30,6.638413835
102501,11.5,7/28/18 10:00,6.591862248
102501,11.5,7/28/18 10:30,6.648000961
102501,11.5,7/28/18 11:00,6.605782789
102501,11.5,7/28/18 11:30,6.555693707
102501,11.5,7/28/18 12:00,6.575700986
102501,11.5,7/28/18 12:30,6.631828179
102501,11.5,7/28/18 13:00,6.613615368
102501,11.5,7/28/18 13:30,6.564844292
102501,11.5,7/28/18 14:00,6.716689209
102501,11.5,7/28/18 14:30,6.520631612
102501,11.5,7/28/18 15:00,6.75353513
102501,11.5,7/28/18 15:30,6.636373132
102501,11.5,7/28/18 16:00,6.526981591
102501,11.5,7/28/18 16:30,6.6430401
102501,11.5,7/28/18 17:00,6.657301528
102501,11.5,7/28/18 17:30,6.644196674
102501,11.5,7/28/18 18:00,6.534530958
102501,11.5,7/28/18 18:30,6.478998041
102501,11.5,7/28/18 19:00,6.628458922
102501,11.5,7/28/18 19:30,6.680926597
102501,11.5,7/28/18 20:00,6.798067107
102501,11.5,7/28/18 20:30,6.616836369
102501,11.5,7/28/18 21:00,6.597281318
102501,11.5,7/28/18 21:30,6.596110526
102501,11.5,7/28/18 22:00,6.662162178
102501,11.5,7/28/18 22:30,6.923461384
102501,11.5,7/28/18 23:00,6.717716914
102501,11.5,7/28/18 23:30,6.600540436
102501,11.5,7/29/18 0:00,6.677757716
102501,11.5,7/29/18 0:30,6.564581479
102501,11.5,7/29/18 1:00,6.671152368
102501,11.5,7/29/18 1:30,6.691312846
102501,11.5,7/29/18 2:00,6.738768659
102501,11.5,7/29/18 2:30,6.595847695
102501,11.5,7/29/18 3:00,6.654046786
102501,11.5,7/29/18 3:30,6.52973853
102501,11.5,7/29/18 4:00,6.766781888
102501,11.5,7/29/18 4:30,6.573521982
102501,11.5,7/29/18 5:00,6.658075787
102501,11.5,7/29/18 5:30,6.58609918
102501,11.5,7/29/18 6:00,6.663141961
102501,11.5,7/29/18 6:30,6.615670306
102501,11.5,7/29/18 7:00,6.536332312
102501,11.5,7/29/18 7:30,6.690920908
102501,11.5,7/29/18 8:00,6.635183124
102501,11.5,7/29/18 8:30,6.649023727
102501,11.5,7/29/18 9:00,6.621065759
102501,11.5,7/29/18 9:30,6.67621391
102501,11.5,7/29/18 10:00,6.568170084
102501,11.5,7/29/18 10:30,6.752550364
102501,11.5,7/29/18 11:00,6.600674242
102501,11.5,7/29/18 11:30,6.641826179
102501,11.5,7/29/18 12:00,6.594342397
102501,11.5,7/29/18 12:30,6.600851057
102501,11.5,7/29/18 13:00,6.681476254
102501,11.5,7/29/18 13:30,6.638648015
102501,11.5,7/29/18 14:00,6.627861539
102501,11.5,7/29/18 14:30,6.743314708
102501,11.5,7/29/18 15:00,6.616769463
102501,11.5,7/29/18 15:30,6.609825702
102501,11.5,7/29/18 16:00,6.646103593
102501,11.5,7/29/18 16:30,6.926947778
102501,11.5,7/29/18 17:00,6.579084197
102501,11.5,7/29/18 17:30,6.605104195
102501,11.5,7/29/18 18:00,6.737941675
102501,11.5,7/29/18 18:30,6.673752435
102501,11.5,7/29/18 19:00,6.717248472
102501,11.5,7/29/18 19:30,6.67759043
102501,11.5,7/29/18 20:00,6.637544026
102501,11.5,7/29/18 20:30,6.64503782
102501,11.5,7/29/18 21:00,6.668853424
102501,11.5,7/29/18 21:30,6.652407475
102501,11.5,7/29/18 22:00,6.6478767
102501,11.5,7/29/18 22:30,6.650242447
102501,11.5,7/29/18 23:00,6.642179841
102501,11.5,7/29/18 23:30,6.748769075
102501,11.5,7/30/18 0:00,6.656044554
102501,11.5,7/30/18 0:30,6.703271914
102501,11.5,7/30/18 1:00,6.653473265
102501,11.5,7/30/18 1:30,6.631297699
102501,11.5,7/30/18 2:00,6.615388349
102501,11.5,7/30/18 2:30,6.600191585
102501,11.5,7/30/18 3:00,6.685658452
102501,11.5,7/30/18 3:30,6.721153766
102501,11.5,7/30/18 4:00,6.664676163
102501,11.5,7/30/18 4:30,6.65444825
102501,11.5,7/30/18 5:00,6.630356217
102501,11.5,7/30/18 5:30,6.622661946
102501,11.5,7/30/18 6:00,6.633338379
102501,11.5,7/30/18 6:30,6.759128262
102501,11.5,7/30/18 7:00,6.606217664
102501,11.5,7/30/18 7:30,6.652049026
102501,11.5,7/30/18 8:00,6.649214899
102501,11.5,7/30/18 8:30,6.608014511
102501,11.5,7/30/18 9:00,6.610599881
102501,11.5,7/30/18 9:30,6.69218276
102501,11.5,7/30/18 10:00,6.62603116
102501,11.5,7/30/18 10:30,6.602566644
102501,11.5,7/30/18 11:00,6.66860489
102501,11.5,7/30/18 11:30,6.699041751
102501,11.5,7/30/18 12:00,6.677050336
102501,11.5,7/30/18 12:30,6.690949587
102501,11.5,7/30/18 13:00,6.650175537
102501,11.5,7/30/18 13:30,6.669058942
102501,11.5,7/30/18 14:00,6.651504184
102501,11.5,7/30/18 14:30,6.715690188
102501,11.5,7/30/18 15:00,6.675626022
102501,11.5,7/30/18 15:30,6.697822898
102501,11.5,7/30/18 16:00,6.790245584
102501,11.5,7/30/18 16:30,6.67689261
102501,11.5,7/30/18 17:00,6.847595694
102501,11.5,7/30/18 17:30,6.769028762
102501,11.5,7/30/18 18:00,6.755595498
102501,11.5,7/30/18 18:30,6.659915853
102501,11.5,7/30/18 19:00,6.582797155
102501,11.5,7/30/18 19:30,6.679946774
102501,11.5,7/30/18 20:00,6.748028119
102501,11.5,7/30/18 20:30,6.820165139
102501,11.5,7/30/18 21:00,6.765056105
102501,11.5,7/30/18 21:30,6.742310845
102501,11.5,7/30/18 22:00,6.688674439
102501,11.5,7/30/18 22:30,6.639288425
102501,11.5,7/30/18 23:00,6.725871715
102501,11.5,7/30/18 23:30,6.732908102
102501,11.5,7/31/18 0:00,6.746574891
102501,11.5,7/31/18 0:30,6.755069649
102501,11.5,7/31/18 1:00,6.703706882
102501,11.5,7/31/18 1:30,6.603981172
102501,11.5,7/31/18 2:00,6.682738079
102501,11.5,7/31/18 2:30,6.779823488
102501,11.5,7/31/18 3:00,6.748109385
102501,11.5,7/31/18 3:30,6.77499977
102501,11.5,7/31/18 4:00,6.78930376
102501,11.5,7/31/18 4:30,6.675157625
102501,11.5,7/31/18 5:00,6.704122732
102501,11.5,7/31/18 5:30,6.841135936
102501,11.5,7/31/18 6:00,6.589697505
102501,11.5,7/31/18 6:30,6.806056113
102501,11.5,7/31/18 7:00,6.760978314
102501,11.5,7/31/18 7:30,6.586734739
102501,11.5,7/31/18 8:00,6.640884675
102501,11.5,7/31/18 8:30,6.821513434
102501,11.5,7/31/18 9:00,6.680897919
102501,11.5,7/31/18 9:30,6.833978204
102501,11.5,7/31/18 10:00,6.717621313
102501,11.5,7/31/18 10:30,6.752473878
102501,11.5,7/31/18 11:00,6.63284613
102501,11.5,7/31/18 11:30,6.786186673
102501,11.5,7/31/18 12:00,6.667032439
102501,11.5,7/31/18 12:30,6.681810828
102501,11.5,7/31/18 13:00,6.753320011
102501,11.5,7/31/18 13:30,6.721928137
102501,11.5,7/31/18 14:00,6.680907478
102501,11.5,7/31/18 14:30,6.866674335
102501,11.5,7/31/18 15:00,6.673398749
102501,11.5,7/31/18 15:30,6.856804971
102501,11.5,7/31/18 16:00,6.715498987
102501,11.5,7/31/18 16:30,6.758253434
102501,11.5,7/31/18 17:00,6.94573849
102501,11.5,7/31/18 17:30,6.725388923
102501,11.5,7/31/18 18:00,6.622317857
102501,11.5,7/31/18 18:30,6.85703927
102501,11.5,7/31/18 19:00,6.809374153
102501,11.5,7/31/18 19:30,6.727769425
102501,11.5,7/31/18 20:00,6.897163786
102501,11.5,7/31/18 20:30,6.820753225
102501,11.5,7/31/18 21:00,6.717377532
102501,11.5,7/31/18 21:30,6.715040108
102501,11.5,7/31/18 22:00,6.870523643
102501,11.5,7/31/18 22:30,6.87265632
102501,11.5,7/31/18 23:00,6.73934707
102501,11.5,7/31/18 23:30,6.760782313
102501,11.5,8/1/18 0:00,6.818850316
102501,11.5,8/1/18 0:30,6.797450368
102501,11.5,8/1/18 1:00,6.711756262
102501,11.5,8/1/18 1:30,6.833543102
102501,11.5,8/1/18 2:00,6.804961261
102501,11.5,8/1/18 2:30,6.800452797
102501,11.5,8/1/18 3:00,6.721053385
102501,11.5,8/1/18 3:30,6.767250384
102501,11.5,8/1/18 4:00,6.814700285
102501,11.5,8/1/18 4:30,6.748238455
102501,11.5,8/1/18 5:00,6.756446418
102501,11.5,8/1/18 5:30,6.745394148
102501,11.5,8/1/18 6:00,6.738257171
102501,11.5,8/1/18 6:30,6.76150417
102501,11.5,8/1/18 7:00,6.720494118
102501,11.5,8/1/18 7:30,6.804511847
102501,11.5,8/1/18 8:00,6.821752494
102501,11.5,8/1/18 8:30,6.755533352
102501,11.5,8/1/18 9:00,6.772461245
102501,11.5,8/1/18 9:30,6.764444195
102501,11.5,8/1/18 10:00,6.735336447
102501,11.5,8/1/18 10:30,6.783633738
102501,11.5,8/1/18 11:00,6.738529646
102501,11.5,8/1/18 11:30,6.74470578
102501,11.5,8/1/18 12:00,6.71979145
102501,11.5,8/1/18 12:30,6.82028945
102501,11.5,8/1/18 13:00,6.754954918
102501,11.5,8/1/18 13:30,6.748204992
102501,11.5,8/1/18 14:00,6.731956845
102501,11.5,8/1/18 14:30,6.758181727
102501,11.5,8/1/18 15:00,6.819715708
102501,11.5,8/1/18 15:30,6.812008524
102501,11.5,8/1/18 16:00,6.742965746
102501,11.5,8/1/18 16:30,6.789021691
102501,11.5,8/1/18 17:00,6.757130023
102501,11.5,8/1/18 17:30,6.754151805
102501,11.5,8/1/18 18:00,6.865818406
102501,11.5,8/1/18 18:30,6.859707418
102501,11.5,8/1/18 19:00,6.933805876
102501,11.5,8/1/18 19:30,6.729772307
102501,11.5,8/1/18 20:00,6.696498893
102501,11.5,8/1/18 20:30,6.73210503
102501,11.5,8/1/18 21:00,6.781750122
102501,11.5,8/1/18 21:30,7.100868005
102501,11.5,8/1/18 22:00,6.790441598
102501,11.5,8/1/18 22:30,6.703319713
102501,11.5,8/1/18 23:00,6.795079039
102501,11.5,8/1/18 23:30,6.765161277
102501,11.5,8/2/18 0:00,6.705910409
102501,11.5,8/2/18 0:30,6.718959722
102501,11.5,8/2/18 1:00,6.944389776
102501,11.5,8/2/18 1:30,7.111944692
102501,11.5,8/2/18 2:00,6.755208282
102501,11.5,8/2/18 2:30,6.888790432
102501,11.5,8/2/18 3:00,6.792043183
102501,11.5,8/2/18 3:30,6.915876554
102501,11.5,8/2/18 4:00,6.715087907
102501,11.5,8/2/18 4:30,6.873794389
102501,11.5,8/2/18 5:00,6.980610621
102501,11.5,8/2/18 5:30,6.80632385
102501,11.5,8/2/18 6:00,6.816469302
102501,11.5,8/2/18 6:30,6.762450712
102501,11.5,8/2/18 7:00,6.904490019
102501,11.5,8/2/18 7:30,6.873354463
102501,11.5,8/2/18 8:00,6.769808
102501,11.5,8/2/18 8:30,6.799635254
102501,11.5,8/2/18 9:00,6.855088376
102501,11.5,8/2/18 9:30,6.918793779
102501,11.5,8/2/18 10:00,6.928009484
102501,11.5,8/2/18 10:30,6.725785673
102501,11.5,8/2/18 11:00,6.758502018
102501,11.5,8/2/18 11:30,6.853610867
102501,11.5,8/2/18 12:00,6.807088814
102501,11.5,8/2/18 12:30,6.931849823
102501,11.5,8/2/18 13:00,6.813251608
102501,11.5,8/2/18 13:30,6.771270868
102501,11.5,8/2/18 14:00,6.886002541
102501,11.5,8/2/18 14:30,6.804387541
102501,11.5,8/2/18 15:00,6.799668721
102501,11.5,8/2/18 15:30,6.907321079
102501,11.5,8/2/18 16:00,7.076667941
102501,11.5,8/2/18 16:30,6.903064931
102501,11.5,8/2/18 17:00,6.750719471
102501,11.5,8/2/18 17:30,6.883056866
102501,11.5,8/2/18 18:00,6.858626768
102501,11.5,8/2/18 18:30,6.911931161
102501,11.5,8/2/18 19:00,7.069577599
102501,11.5,8/2/18 19:30,6.792024059
102501,11.5,8/2/18 20:00,6.767169114
102501,11.5,8/2/18 20:30,6.780095989
102501,11.5,8/2/18 21:00,6.882110046
102501,11.5,8/2/18 21:30,6.864909881
102501,11.5,8/2/18 22:00,6.899310951
102501,11.5,8/2/18 22:30,6.855681294
102501,11.5,8/2/18 23:00,6.864183062
102501,11.5,8/2/18 23:30,6.829435954
102501,11.5,8/3/18 0:00,6.900291287
102501,11.5,8/3/18 0:30,7.0034507
102501,11.5,8/3/18 1:00,6.943911509
102501,11.5,8/3/18 1:30,6.7558393
102501,11.5,8/3/18 2:00,6.9645062
102501,11.5,8/3/18 2:30,6.81667011
102501,11.5,8/3/18 3:00,6.852740622
102501,11.5,8/3/18 3:30,6.897068144
102501,11.5,8/3/18 4:00,6.856895821
102501,11.5,8/3/18 4:30,7.166208691
102501,11.5,8/3/18 5:00,6.962516512
102501,11.5,8/3/18 5:30,6.976875024
102501,11.5,8/3/18 6:00,6.955021792
102501,11.5,8/3/18 6:30,6.831692729
102501,11.5,8/3/18 7:00,6.796432034
102501,11.5,8/3/18 7:30,6.887661883
102501,11.5,8/3/18 8:00,7.005191865
102501,11.5,8/3/18 8:30,6.895499622
102501,11.5,8/3/18 9:00,6.866325269
102501,11.5,8/3/18 9:30,7.153043881
102501,11.5,8/3/18 10:00,6.883185978
102501,11.5,8/3/18 10:30,6.892271736
102501,11.5,8/3/18 11:00,6.908765311
102501,11.5,8/3/18 11:30,6.70459116
102501,11.5,8/3/18 12:00,6.880804587
102501,11.5,8/3/18 12:30,7.05500025
102501,11.5,8/3/18 13:00,7.133821559
102501,11.5,8/3/18 13:30,6.92671822
102501,11.5,8/3/18 14:00,6.877495529
102501,11.5,8/3/18 14:30,6.836273255
102501,11.5,8/3/18 15:00,6.907435853
102501,11.5,8/3/18 15:30,7.042786723
102501,11.5,8/3/18 16:00,6.984733692
102501,11.5,8/3/18 16:30,6.932600679
102501,11.5,8/3/18 17:00,6.842584711
102501,11.5,8/3/18 17:30,6.834470683
102501,11.5,8/3/18 18:00,6.93473369
102501,11.5,8/3/18 18:30,6.903619663
102501,11.5,8/3/18 19:00,6.915135296
102501,11.5,8/3/18 19:30,7.074534126
102501,11.5,8/3/18 20:00,6.897402891
102501,11.5,8/3/18 20:30,7.16952031
102501,11.5,8/3/18 21:00,6.878581011
102501,11.5,8/3/18 21:30,6.926813869
102501,11.5,8/3/18 22:00,6.834293773
102501,11.5,8/3/18 22:30,6.914083189
102501,11.5,8/3/18 23:00,7.653607386
102501,11.5,8/3/18 23:30,7.203672018
102501,11.5,8/4/18 0:00,7.267165143
102501,11.5,8/4/18 0:30,7.015093693
102501,11.5,8/4/18 1:00,7.467930022
102501,11.5,8/4/18 1:30,7.493174113
102501,11.5,8/4/18 2:00,7.420010224
102501,11.5,8/4/18 2:30,8.245479493
102501,11.5,8/4/18 3:00,6.975827533
102501,11.5,8/4/18 3:30,8.370320532
102501,11.5,8/4/18 4:00,8.816929212
102501,11.5,8/4/18 4:30,8.622850263
102501,11.5,8/4/18 5:00,8.897425786
102501,11.5,8/4/18 5:30,8.612562773
102501,11.5,8/4/18 6:00,8.410096776
102501,11.5,8/4/18 6:30,8.418985492
102501,11.5,8/4/18 7:00,7.848598624
102501,11.5,8/4/18 7:30,8.34505478
102501,11.5,8/4/18 8:00,8.883944827
102501,11.5,8/4/18 8:30,8.322833579
102501,11.5,8/4/18 9:00,8.49168998
102501,11.5,8/4/18 9:30,8.714328748
102501,11.5,8/4/18 10:00,8.854292788
102501,11.5,8/4/18 10:30,8.69065038
102501,11.5,8/4/18 11:00,8.695406057
102501,11.5,8/4/18 11:30,8.297327944
102501,11.5,8/4/18 12:00,8.453779352
102501,11.5,8/4/18 12:30,8.516063134
102501,11.5,8/4/18 13:00,8.477710769
102501,11.5,8/4/18 13:30,8.424807333
102501,11.5,8/4/18 14:00,8.704566332
102501,11.5,8/4/18 14:30,8.553046411
102501,11.5,8/4/18 15:00,8.703054835
102501,11.5,8/4/18 15:30,8.26978324
102501,11.5,8/4/18 16:00,8.510484196
102501,11.5,8/4/18 16:30,8.45716912
102501,11.5,8/4/18 17:00,8.742256198
102501,11.5,8/4/18 17:30,8.771670489
102501,11.5,8/4/18 18:00,8.815691424
102501,11.5,8/4/18 18:30,8.861138144
102501,11.5,8/4/18 19:00,8.69039527
102501,11.5,8/4/18 19:30,8.398319401
102501,11.5,8/4/18 20:00,8.435105291
102501,11.5,8/4/18 20:30,8.762468745
102501,11.5,8/4/18 21:00,8.335188574
102501,11.5,8/4/18 21:30,8.719758927
102501,11.5,8/4/18 22:00,8.330959641
102501,11.5,8/4/18 22:30,8.547740715
102501,11.5,8/4/18 23:00,8.518621798
102501,11.5,8/4/18 23:30,8.81290763
102501,11.5,8/5/18 0:00,8.616729677
102501,11.5,8/5/18 0:30,8.484933492
102501,11.5,8/5/18 1:00,8.460260826
102501,11.5,8/5/18 1:30,8.539496216
102501,11.5,8/5/18 2:00,8.461400392
102501,11.5,8/5/18 2:30,8.705355781
102501,11.5,8/5/18 3:00,8.442942054
102501,11.5,8/5/18 3:30,8.374646314
102501,11.5,8/5/18 4:00,8.430076444
102501,11.5,8/5/18 4:30,8.507887152
102501,11.5,8/5/18 5:00,8.73342165
102501,11.5,8/5/18 5:30,8.608934843
102501,11.5,8/5/18 6:00,8.392608796
102501,11.5,8/5/18 6:30,8.164515214
102501,11.5,8/5/18 7:00,8.399376937
102501,11.5,8/5/18 7:30,8.985011615
102501,11.5,8/5/18 8:00,8.135502021
102501,11.5,8/5/18 8:30,8.694515562
102501,11.5,8/5/18 9:00,8.529246341
102501,11.5,8/5/18 9:30,8.747196005
102501,11.5,8/5/18 10:00,8.453197567
102501,11.5,8/5/18 10:30,8.161144091
102501,11.5,8/5/18 11:00,8.471161471
102501,11.5,8/5/18 11:30,8.655024711
102501,11.5,8/5/18 12:00,8.790595301
102501,11.5,8/5/18 12:30,8.185823523
102501,11.5,8/5/18 13:00,8.37710724
102501,11.5,8/5/18 13:30,8.344449243
102501,11.5,8/5/18 14:00,8.390863917
102501,11.5,8/5/18 14:30,8.531473279
102501,11.5,8/5/18 15:00,8.230381577
102501,11.5,8/5/18 15:30,8.515288807
102501,11.5,8/5/18 16:00,8.709428228
102501,11.5,8/5/18 16:30,8.539250906
102501,11.5,8/5/18 17:00,8.849413024
102501,11.5,8/5/18 17:30,7.931635249
102501,11.5,8/5/18 18:00,8.395540991
102501,11.5,8/5/18 18:30,8.411197631
102501,11.5,8/5/18 19:00,8.411264932
102501,11.5,8/5/18 19:30,8.609959703
102501,11.5,8/5/18 20:00,8.421586312
102501,11.5,8/5/18 20:30,8.639350732
102501,11.5,8/5/18 21:00,8.735438879
102501,11.5,8/5/18 21:30,8.41168797
102501,11.5,8/5/18 22:00,8.244288149
102501,11.5,8/5/18 22:30,8.397069593
102501,11.5,8/5/18 23:00,8.469819898
102501,11.5,8/5/18 23:30,8.432379315
102501,11.5,8/6/18 0:00,8.509483849
102501,11.5,8/6/18 0:30,8.099041094
102501,11.5,8/6/18 1:00,8.295905707
102501,11.5,8/6/18 1:30,8.406385635
102501,11.5,8/6/18 2:00,8.491295645
102501,11.5,8/6/18 2:30,8.510479386
102501,11.5,8/6/18 3:00,8.415605912
102501,11.5,8/6/18 3:30,8.386965627
102501,11.5,8/6/18 4:00,8.475849825
102501,11.5,8/6/18 4:30,8.166897119
102501,11.5,8/6/18 5:00,8.459443419
102501,11.5,8/6/18 5:30,8.365547846
102501,11.5,8/6/18 6:00,8.56245556
102501,11.5,8/6/18 6:30,8.469853558
102501,11.5,8/6/18 7:00,8.336298681
102501,11.5,8/6/18 7:30,8.260645623
102501,11.5,8/6/18 8:00,8.33007542
102501,11.5,8/6/18 8:30,8.315913916
102501,11.5,8/6/18 9:00,8.378501135
102501,11.5,8/6/18 9:30,8.362798671
102501,11.5,8/6/18 10:00,8.288785042
102501,11.5,8/6/18 10:30,8.375381705
102501,11.5,8/6/18 11:00,8.556596441
102501,11.5,8/6/18 11:30,8.685110247
102501,11.5,8/6/18 12:00,8.328374264
102501,11.5,8/6/18 12:30,8.425312124
102501,11.5,8/6/18 13:00,8.303771362
102501,11.5,8/6/18 13:30,8.245868602
102501,11.5,8/6/18 14:00,8.258531819
102501,11.5,8/6/18 14:30,8.211629398
102501,11.5,8/6/18 15:00,8.489131627
102501,11.5,8/6/18 15:30,8.508699927
102501,11.5,8/6/18 16:00,8.581303943
102501,11.5,8/6/18 16:30,8.348736093
102501,11.5,8/6/18 17:00,8.402664941
102501,11.5,8/6/18 17:30,8.393675918
102501,11.5,8/6/18 18:00,8.149724876
102501,11.5,8/6/18 18:30,8.331099003
102501,11.5,8/6/18 19:00,8.346852176
102501,11.5,8/6/18 19:30,8.336351543
102501,11.5,8/6/18 20:00,8.497595463
102501,11.5,8/6/18 20:30,8.621628056
102501,11.5,8/6/18 21:00,8.213814835
102501,11.5,8/6/18 21:30,8.426100561
102501,11.5,8/6/18 22:00,8.458140382
102501,11.5,8/6/18 22:30,8.289428872
102501,11.5,8/6/18 23:00,8.297255871
102501,11.5,8/6/18 23:30,8.453995719
102501,11.5,8/7/18 0:00,8.536292778
102501,11.5,8/7/18 0:30,8.642430576
102501,11.5,8/7/18 1:00,8.22502572
102501,11.5,8/7/18 1:30,8.356151761
102501,11.5,8/7/18 2:00,8.191389828
102501,11.5,8/7/18 2:30,8.354815674
102501,11.5,8/7/18 3:00,8.265276842
102501,11.5,8/7/18 3:30,8.34285371
102501,11.5,8/7/18 4:00,8.377544634
102501,11.5,8/7/18 4:30,8.440143866
102501,11.5,8/7/18 5:00,8.496970282
102501,11.5,8/7/18 5:30,8.462150489
102501,11.5,8/7/18 6:00,8.236275559
102501,11.5,8/7/18 6:30,8.207911799
102501,11.5,8/7/18 7:00,8.344785652
102501,11.5,8/7/18 7:30,8.404126292
102501,11.5,8/7/18 8:00,8.339576172
102501,11.5,8/7/18 8:30,8.333881441
102501,11.5,8/7/18 9:00,8.354133215
102501,11.5,8/7/18 9:30,8.356834226
102501,11.5,8/7/18 10:00,8.334059249
102501,11.5,8/7/18 10:30,8.28995739
102501,11.5,8/7/18 11:00,8.264503365
102501,11.5,8/7/18 11:30,8.246060755
102501,11.5,8/7/18 12:00,8.32766305
102501,11.5,8/7/18 12:30,8.257157856
102501,11.5,8/7/18 13:00,8.407063443
102501,11.5,8/7/18 13:30,8.44864912
102501,11.5,8/7/18 14:00,8.262283835
102501,11.5,8/7/18 14:30,8.468136933
102501,11.5,8/7/18 15:00,8.463578566
102501,11.5,8/7/18 15:30,8.007600051
102501,11.5,8/7/18 16:00,8.594524765
102501,11.5,8/7/18 16:30,8.420293109
102501,11.5,8/7/18 17:00,8.421942064
102501,11.5,8/7/18 17:30,8.238571706
102501,11.5,8/7/18 18:00,8.434437015
102501,11.5,8/7/18 18:30,8.313035588
102501,11.5,8/7/18 19:00,8.735472579
102501,11.5,8/7/18 19:30,8.25873359
102501,11.5,8/7/18 20:00,8.240973556
102501,11.5,8/7/18 20:30,8.364663493
102501,11.5,8/7/18 21:00,8.372430542
102501,11.5,8/7/18 21:30,8.64752204
102501,11.5,8/7/18 22:00,8.514355772
102501,11.5,8/7/18 22:30,8.43127355
102501,11.5,8/7/18 23:00,8.543907033
102501,11.5,8/7/18 23:30,8.298913556
102501,11.5,8/8/18 0:00,8.056935699
102501,11.5,8/8/18 0:30,8.309696004
102501,11.5,8/8/18 1:00,8.497335772
102501,11.5,8/8/18 1:30,8.477484762
102501,11.5,8/8/18 2:00,8.640775154
102501,11.5,8/8/18 2:30,8.283514351
102501,11.5,8/8/18 3:00,8.316860552
102501,11.5,8/8/18 3:30,8.331223947
102501,11.5,8/8/18 4:00,8.449932869
102501,11.5,8/8/18 4:30,8.402876452
102501,11.5,8/8/18 5:00,8.339066764
102501,11.5,8/8/18 5:30,8.398146351
102501,11.5,8/8/18 6:00,8.348058458
102501,11.5,8/8/18 6:30,8.49406081
102501,11.5,8/8/18 7:00,8.443812288
102501,11.5,8/8/18 7:30,8.166945142
102501,11.5,8/8/18 8:00,8.266381815
102501,11.5,8/8/18 8:30,8.247300146
102501,11.5,8/8/18 9:00,8.219228081
102501,11.5,8/8/18 9:30,8.278258191
102501,11.5,8/8/18 10:00,8.363312937
102501,11.5,8/8/18 10:30,8.44483638
102501,11.5,8/8/18 11:00,8.259535874
102501,11.5,8/8/18 11:30,8.177222176
102501,11.5,8/8/18 12:00,8.313890914
102501,11.5,8/8/18 12:30,8.478787911
102501,11.5,8/8/18 13:00,8.643282353
102501,11.5,8/8/18 13:30,8.241487555
102501,11.5,8/8/18 14:00,8.253208958
102501,11.5,8/8/18 14:30,8.426860156
102501,11.5,8/8/18 15:00,8.441893931
102501,11.5,8/8/18 15:30,8.338778421
102501,11.5,8/8/18 16:00,8.450264625
102501,11.5,8/8/18 16:30,8.23529562
102501,11.5,8/8/18 17:00,8.348933136
102501,11.5,8/8/18 17:30,8.268168998
102501,11.5,8/8/18 18:00,8.416019343
102501,11.5,8/8/18 18:30,8.35754553
102501,11.5,8/8/18 19:00,8.270993929
102501,11.5,8/8/18 19:30,8.369532287
102501,11.5,8/8/18 20:00,8.432696623
102501,11.5,8/8/18 20:30,8.55906899
102501,11.5,8/8/18 21:00,8.258671137
102501,11.5,8/8/18 21:30,8.179853935
102501,11.5,8/8/18 22:00,8.159180025
102501,11.5,8/8/18 22:30,8.295694294
102501,11.5,8/8/18 23:00,8.4927191
102501,11.5,8/8/18 23:30,8.323645692
102501,11.5,8/9/18 0:00,8.447937532
102501,11.5,8/9/18 0:30,8.438619781
102501,11.5,8/9/18 1:00,8.503063464
102501,11.5,8/9/18 1:30,8.058884556
102501,11.5,8/9/18 2:00,8.043913305
102501,11.5,8/9/18 2:30,8.297952578
102501,11.5,8/9/18 3:00,8.249711692
102501,11.5,8/9/18 3:30,8.376290132
102501,11.5,8/9/18 4:00,8.435735107
102501,11.5,8/9/18 4:30,8.409601633
102501,11.5,8/9/18 5:00,8.342233761
102501,11.5,8/9/18 5:30,8.381558122
102501,11.5,8/9/18 6:00,8.413654143
102501,11.5,8/9/18 6:30,8.409010347
102501,11.5,8/9/18 7:00,8.499730708
102501,11.5,8/9/18 7:30,8.191116072
102501,11.5,8/9/18 8:00,8.254760646
102501,11.5,8/9/18 8:30,8.335510552
102501,11.5,8/9/18 9:00,8.251974341
102501,11.5,8/9/18 9:30,8.321958999
102501,11.5,8/9/18 10:00,8.347294318
102501,11.5,8/9/18 10:30,8.339379137
102501,11.5,8/9/18 11:00,8.235132298
102501,11.5,8/9/18 11:30,8.256456465
102501,11.5,8/9/18 12:00,8.274453073
102501,11.5,8/9/18 12:30,8.3700706
102501,11.5,8/9/18 13:00,8.332949152
102501,11.5,8/9/18 13:30,8.28880426
102501,11.5,8/9/18 14:00,8.241919892
102501,11.5,8/9/18 14:30,8.413279175
102501,11.5,8/9/18 15:00,8.065940888
102501,11.5,8/9/18 15:30,8.389296902
102501,11.5,8/9/18 16:00,8.366735001
102501,11.5,8/9/18 16:30,8.269663133
102501,11.5,8/9/18 17:00,8.262005194
102501,11.5,8/9/18 17:30,8.380125755
102501,11.5,8/9/18 18:00,8.251450711
102501,11.5,8/9/18 18:30,8.364629849
102501,11.5,8/9/18 19:00,8.423860252
102501,11.5,8/9/18 19:30,8.615906875
102501,11.5,8/9/18 20:00,8.143770576
102501,11.5,8/9/18 20:30,8.241189724
102501,11.5,8/9/18 21:00,8.207858965
102501,11.5,8/9/18 21:30,8.238759049
102501,11.5,8/9/18 22:00,8.247535535
102501,11.5,8/9/18 22:30,8.436845702
102501,11.5,8/9/18 23:00,8.489867391
102501,11.5,8/9/18 23:30,8.60631257
102501,11.5,8/10/18 0:00,8.237803118
102501,11.5,8/10/18 0:30,8.354858928
102501,11.5,8/10/18 1:00,8.380981329
102501,11.5,8/10/18 1:30,8.38631672
102501,11.5,8/10/18 2:00,8.427119765
102501,11.5,8/10/18 2:30,8.054454049
102501,11.5,8/10/18 3:00,8.137773205
102501,11.5,8/10/18 3:30,8.315077803
102501,11.5,8/10/18 4:00,8.407765288
102501,11.5,8/10/18 4:30,8.282736009
102501,11.5,8/10/18 5:00,8.271277385
102501,11.5,8/10/18 5:30,8.191562727
102501,11.5,8/10/18 6:00,8.216999365
102501,11.5,8/10/18 6:30,8.281198551
102501,11.5,8/10/18 7:00,8.318479934
102501,11.5,8/10/18 7:30,8.355483716
102501,11.5,8/10/18 8:00,8.362692934
102501,11.5,8/10/18 8:30,8.386912753
102501,11.5,8/10/18 9:00,8.183158081
102501,11.5,8/10/18 9:30,8.255202615
102501,11.5,8/10/18 10:00,8.2795506
102501,11.5,8/10/18 10:30,8.384466142
102501,11.5,8/10/18 11:00,8.190655011
102501,11.5,8/10/18 11:30,8.278805902
102501,11.5,8/10/18 12:00,8.243971099
102501,11.5,8/10/18 12:30,8.361592312
102501,11.5,8/10/18 13:00,8.180487866
102501,11.5,8/10/18 13:30,8.269663133
102501,11.5,8/10/18 14:00,8.362154638
102501,11.5,8/10/18 14:30,8.314549228
102501,11.5,8/10/18 15:00,8.340465236
102501,11.5,8/10/18 15:30,8.373526409
102501,11.5,8/10/18 16:00,8.279901329
102501,11.5,8/10/18 16:30,8.428850499
102501,11.5,8/10/18 17:00,8.31458767
102501,11.5,8/10/18 17:30,8.205183674
102501,11.5,8/10/18 18:00,8.308408234
102501,11.5,8/10/18 18:30,8.293733929
102501,11.5,8/10/18 19:00,8.22750429
102501,11.5,8/10/18 19:30,8.254328286
102501,11.5,8/10/18 20:00,8.194021741
102501,11.5,8/10/18 20:30,8.164625665
102501,11.5,8/10/18 21:00,8.37138755
102501,11.5,8/10/18 21:30,8.269797653
102501,11.5,8/10/18 22:00,8.38318757
102501,11.5,8/10/18 22:30,8.362712159
102501,11.5,8/10/18 23:00,8.438461123
102501,11.5,8/10/18 23:30,8.261423892
102501,11.5,8/11/18 0:00,8.385360186
102501,11.5,8/11/18 0:30,8.389075791
102501,11.5,8/11/18 1:00,8.291552562
102501,11.5,8/11/18 1:30,8.294531527
102501,11.5,8/11/18 2:00,8.311935202
102501,11.5,8/11/18 2:30,8.239330688
102501,11.5,8/11/18 3:00,8.243317785
102501,11.5,8/11/18 3:30,8.414557916
102501,11.5,8/11/18 4:00,8.315697679
102501,11.5,8/11/18 4:30,8.252512383
102501,11.5,8/11/18 5:00,8.373963796
102501,11.5,8/11/18 5:30,8.432220661
102501,11.5,8/11/18 6:00,8.32350153
102501,11.5,8/11/18 6:30,8.18720188
102501,11.5,8/11/18 7:00,8.210068384
102501,11.5,8/11/18 7:30,8.187619711
102501,11.5,8/11/18 8:00,8.234608705
102501,11.5,8/11/18 8:30,8.241132079
102501,11.5,8/11/18 9:00,8.249851006
102501,11.5,8/11/18 9:30,8.299110557
102501,11.5,8/11/18 10:00,8.38002001
102501,11.5,8/11/18 10:30,8.336985893
102501,11.5,8/11/18 11:00,8.428614926
102501,11.5,8/11/18 11:30,8.444696949
102501,11.5,8/11/18 12:00,8.145201515
102501,11.5,8/11/18 12:30,8.174628865
102501,11.5,8/11/18 13:00,8.275322672
102501,11.5,8/11/18 13:30,8.32752369
102501,11.5,8/11/18 14:00,8.293330327
102501,11.5,8/11/18 14:30,8.332127396
102501,11.5,8/11/18 15:00,8.331613199
102501,11.5,8/11/18 15:30,8.251272965
102501,11.5,8/11/18 16:00,8.280155968
102501,11.5,8/11/18 16:30,8.301042137
102501,11.5,8/11/18 17:00,8.385461126
102501,11.5,8/11/18 17:30,8.144390008
102501,11.5,8/11/18 18:00,8.258315635
102501,11.5,8/11/18 18:30,8.288597659
102501,11.5,8/11/18 19:00,8.478985067
102501,11.5,8/11/18 19:30,8.48898736
102501,11.5,8/11/18 20:00,8.157499296
102501,11.5,8/11/18 20:30,8.332737706
102501,11.5,8/11/18 21:00,8.406068364
102501,11.5,8/11/18 21:30,8.494498431
102501,11.5,8/11/18 22:00,8.327571745
102501,11.5,8/11/18 22:30,8.373699441
102501,11.5,8/11/18 23:00,8.233609559
102501,11.5,8/11/18 23:30,8.377515794
102501,11.5,8/12/18 0:00,8.256100967
102501,11.5,8/12/18 0:30,8.321704315
102501,11.5,8/12/18 1:00,8.28147241
102501,11.5,8/12/18 1:30,8.446826882
102501,11.5,8/12/18 2:00,8.320993121
102501,11.5,8/12/18 2:30,8.261010737
102501,11.5,8/12/18 3:00,8.291879285
102501,11.5,8/12/18 3:30,8.298447481
102501,11.5,8/12/18 4:00,8.304477698
102501,11.5,8/12/18 4:30,8.364129998
102501,11.5,8/12/18 5:00,8.218598851
102501,11.5,8/12/18 5:30,8.348024816
102501,11.5,8/12/18 6:00,8.336707164
102501,11.5,8/12/18 6:30,8.360986732
102501,11.5,8/12/18 7:00,8.13940098
102501,11.5,8/12/18 7:30,8.409111298
102501,11.5,8/12/18 8:00,8.276096185
102501,11.5,8/12/18 8:30,8.244758922
102501,11.5,8/12/18 9:00,8.43933134
102501,11.5,8/12/18 9:30,8.099770836
102501,11.5,8/12/18 10:00,8.191942143
102501,11.5,8/12/18 10:30,8.307970971
102501,11.5,8/12/18 11:00,8.516342085
102501,11.5,8/12/18 11:30,8.414932886
102501,11.5,8/12/18 12:00,8.245662038
102501,11.5,8/12/18 12:30,8.218454753
102501,11.5,8/12/18 13:00,8.428937036
102501,11.5,8/12/18 13:30,8.587827654
102501,11.5,8/12/18 14:00,8.24821288
102501,11.5,8/12/18 14:30,8.260040305
102501,11.5,8/12/18 15:00,8.268486081
102501,11.5,8/12/18 15:30,8.352287702
102501,11.5,8/12/18 16:00,8.410736136
102501,11.5,8/12/18 16:30,8.327831242
102501,11.5,8/12/18 17:00,8.438629397
102501,11.5,8/12/18 17:30,8.473666723
102501,11.5,8/12/18 18:00,8.490877267
102501,11.5,8/12/18 18:30,8.359030623
102501,11.5,8/12/18 19:00,8.266809392
102501,11.5,8/12/18 19:30,8.203776397
102501,11.5,8/12/18 20:00,8.33157956
102501,11.5,8/12/18 20:30,8.471825047
102501,11.5,8/12/18 21:00,8.340412372
102501,11.5,8/12/18 21:30,8.432100469
102501,11.5,8/12/18 22:00,8.445571998
102501,11.5,8/12/18 22:30,8.499028576
102501,11.5,8/12/18 23:00,8.228565856
102501,11.5,8/12/18 23:30,8.340580574
102501,11.5,8/13/18 0:00,8.36259681
102501,11.5,8/13/18 0:30,8.470435386
102501,11.5,8/13/18 1:00,8.316826915
102501,11.5,8/13/18 1:30,8.416951969
102501,11.5,8/13/18 2:00,8.40869788
102501,11.5,8/13/18 2:30,8.505689307
102501,11.5,8/13/18 3:00,8.184656488
102501,11.5,8/13/18 3:30,8.285988726
102501,11.5,8/13/18 4:00,8.383576909
102501,11.5,8/13/18 4:30,8.485274918
102501,11.5,8/13/18 5:00,8.039699051
102501,11.5,8/13/18 5:30,8.526221011
102501,11.5,8/13/18 6:00,8.319806201
102501,11.5,8/13/18 6:30,8.391234042
102501,11.5,8/13/18 7:00,8.660804692
102501,11.5,8/13/18 7:30,8.105181557
102501,11.5,8/13/18 8:00,8.41893261
102501,11.5,8/13/18 8:30,8.461611957
102501,11.5,8/13/18 9:00,8.140111634
102501,11.5,8/13/18 9:30,8.227922191
102501,11.5,8/13/18 10:00,8.183513472
102501,11.5,8/13/18 10:30,8.507978529
102501,11.5,8/13/18 11:00,8.668923881
102501,11.5,8/13/18 11:30,8.300340616
102501,11.5,8/13/18 12:00,8.447850987
102501,11.5,8/13/18 12:30,8.554532799
102501,11.5,8/13/18 13:00,8.34419934
102501,11.5,8/13/18 13:30,8.414980959
102501,11.5,8/13/18 14:00,8.572307702
102501,11.5,8/13/18 14:30,8.540886311
102501,11.5,8/13/18 15:00,8.728901009
102501,11.5,8/13/18 15:30,8.495359247
102501,11.5,8/13/18 16:00,8.42994183
102501,11.5,8/13/18 16:30,8.659702585
102501,11.5,8/13/18 17:00,8.46889667
102501,11.5,8/13/18 17:30,8.463405465
102501,11.5,8/13/18 18:00,8.439836163
102501,11.5,8/13/18 18:30,8.573774978
102501,11.5,8/13/18 19:00,8.267760635
102501,11.5,8/13/18 19:30,8.39060435
102501,11.5,8/13/18 20:00,8.472810799
102501,11.5,8/13/18 20:30,8.528880798
102501,11.5,8/13/18 21:00,8.467800342
102501,11.5,8/13/18 21:30,8.198440345
102501,11.5,8/13/18 22:00,8.414673291
102501,11.5,8/13/18 22:30,8.640443109
102501,11.5,8/13/18 23:00,8.249029539
102501,11.5,8/13/18 23:30,8.338220958
102501,11.5,8/14/18 0:00,8.505713353
102501,11.5,8/14/18 0:30,8.433336047
102501,11.5,8/14/18 1:00,8.534142749
102501,11.5,8/14/18 1:30,8.306255561
102501,11.5,8/14/18 2:00,8.397824284
102501,11.5,8/14/18 2:30,8.56572673
102501,11.5,8/14/18 3:00,8.622763649
102501,11.5,8/14/18 3:30,8.609887529
102501,11.5,8/14/18 4:00,8.190875936
102501,11.5,8/14/18 4:30,8.436336077
102501,11.5,8/14/18 5:00,8.534455392
102501,11.5,8/14/18 5:30,8.399684584
102501,11.5,8/14/18 6:00,8.542420717
102501,11.5,8/14/18 6:30,8.595900778
102501,11.5,8/14/18 7:00,8.580986422
102501,11.5,8/14/18 7:30,8.396670618
102501,11.5,8/14/18 8:00,8.391594553
102501,11.5,8/14/18 8:30,8.425446735
102501,11.5,8/14/18 9:00,8.387157896
102501,11.5,8/14/18 9:30,8.44913954
102501,11.5,8/14/18 10:00,8.475282409
102501,11.5,8/14/18 10:30,8.41542804
102501,11.5,8/14/18 11:00,8.445139281
102501,11.5,8/14/18 11:30,8.420918076
102501,11.5,8/14/18 12:00,8.472579988
102501,11.5,8/14/18 12:30,8.469608325
102501,11.5,8/14/18 13:00,8.448509687
102501,11.5,8/14/18 13:30,8.415750132
102501,11.5,8/14/18 14:00,8.389311323
102501,11.5,8/14/18 14:30,8.423841022
102501,11.5,8/14/18 15:00,8.443711321
102501,11.5,8/14/18 15:30,8.450726201
102501,11.5,8/14/18 16:00,8.453442782
102501,11.5,8/14/18 16:30,8.579028388
102501,11.5,8/14/18 17:00,8.282692768
102501,11.5,8/14/18 17:30,8.377885897
102501,11.5,8/14/18 18:00,8.491617845
102501,11.5,8/14/18 18:30,8.565014765
102501,11.5,8/14/18 19:00,8.500913759
102501,11.5,8/14/18 19:30,8.451524343
102501,11.5,8/14/18 20:00,8.388119245
102501,11.5,8/14/18 20:30,8.421225753
102501,11.5,8/14/18 21:00,8.461078235
102501,11.5,8/14/18 21:30,8.435196638
102501,11.5,8/14/18 22:00,8.353056664
102501,11.5,8/14/18 22:30,8.602208416
102501,11.5,8/14/18 23:00,8.516149705
102501,11.5,8/14/18 23:30,8.35682942
102501,11.5,8/15/18 0:00,8.406731749
102501,11.5,8/15/18 0:30,8.289400043
102501,11.5,8/15/18 1:00,8.496734637
102501,11.5,8/15/18 1:30,8.367239663
102501,11.5,8/15/18 2:00,8.46933905
102501,11.5,8/15/18 2:30,8.432629315
102501,11.5,8/15/18 3:00,8.391094644
102501,11.5,8/15/18 3:30,8.541679968
102501,11.5,8/15/18 4:00,8.67556096
102501,11.5,8/15/18 4:30,8.288126799
102501,11.5,8/15/18 5:00,8.326038799
102501,11.5,8/15/18 5:30,8.363875267
102501,11.5,8/15/18 6:00,8.504126302
102501,11.5,8/15/18 6:30,8.240877482
102501,11.5,8/15/18 7:00,8.443519004
102501,11.5,8/15/18 7:30,8.380101722
102501,11.5,8/15/18 8:00,8.471074918
102501,11.5,8/15/18 8:30,8.569214428
102501,11.5,8/15/18 9:00,8.343733174
102501,11.5,8/15/18 9:30,8.39855975
102501,11.5,8/15/18 10:00,8.427552447
102501,11.5,8/15/18 10:30,8.49873522
102501,11.5,8/15/18 11:00,8.47113262
102501,11.5,8/15/18 11:30,8.355637511
102501,11.5,8/15/18 12:00,8.526043052
102501,11.5,8/15/18 12:30,8.309806522
102501,11.5,8/15/18 13:00,8.27529865
102501,11.5,8/15/18 13:30,8.477119304
102501,11.5,8/15/18 14:00,8.44060542
102501,11.5,8/15/18 14:30,8.355031946
102501,11.5,8/15/18 15:00,8.539130656
102501,11.5,8/15/18 15:30,8.493036493
102501,11.5,8/15/18 16:00,8.452149397
102501,11.5,8/15/18 16:30,8.506930101
102501,11.5,8/15/18 17:00,8.482226146
102501,11.5,8/15/18 17:30,8.517034653
102501,11.5,8/15/18 18:00,8.50413592
102501,11.5,8/15/18 18:30,8.56301839
102501,11.5,8/15/18 19:00,8.364735587
102501,11.5,8/15/18 19:30,8.400713284
102501,11.5,8/15/18 20:00,8.531218358
102501,11.5,8/15/18 20:30,8.53618696
102501,11.5,8/15/18 21:00,8.520968868
102501,11.5,8/15/18 21:30,8.439879434
102501,11.5,8/15/18 22:00,8.495917097
102501,11.5,8/15/18 22:30,8.598046605
102501,11.5,8/15/18 23:00,8.470618109
102501,11.5,8/15/18 23:30,8.455366046
102501,11.5,8/16/18 0:00,8.514836717
102501,11.5,8/16/18 0:30,8.493728989
102501,11.5,8/16/18 1:00,8.530261206
102501,11.5,8/16/18 1:30,8.491901574
102501,11.5,8/16/18 2:00,8.461910073
102501,11.5,8/16/18 2:30,8.402395746
102501,11.5,8/16/18 3:00,8.412610963
102501,11.5,8/16/18 3:30,8.443466117
102501,11.5,8/16/18 4:00,8.493248089
102501,11.5,8/16/18 4:30,8.533171154
102501,11.5,8/16/18 5:00,8.465064353
102501,11.5,8/16/18 5:30,8.220803565
102501,11.5,8/16/18 6:00,8.602814652
102501,11.5,8/16/18 6:30,8.598441132
102501,11.5,8/16/18 7:00,8.561214453
102501,11.5,8/16/18 7:30,8.520622578
102501,11.5,8/16/18 8:00,8.397353203
102501,11.5,8/16/18 8:30,8.297779602
102501,11.5,8/16/18 9:00,8.509945547
102501,11.5,8/16/18 9:30,8.396834053
102501,11.5,8/16/18 10:00,8.465376898
102501,11.5,8/16/18 10:30,8.469901643
102501,11.5,8/16/18 11:00,8.47731165
102501,11.5,8/16/18 11:30,8.560358189
102501,11.5,8/16/18 12:00,8.605181875
102501,11.5,8/16/18 12:30,8.546355387
102501,11.5,8/16/18 13:00,8.504727456
102501,11.5,8/16/18 13:30,8.425369814
102501,11.5,8/16/18 14:00,8.471743302
102501,11.5,8/16/18 14:30,8.463030414
102501,11.5,8/16/18 15:00,8.607905176
102501,11.5,8/16/18 15:30,8.456976792
102501,11.5,8/16/18 16:00,8.481057621
102501,11.5,8/16/18 16:30,8.620324056
102501,11.5,8/16/18 17:00,8.474210092
102501,11.5,8/16/18 17:30,8.442624732
102501,11.5,8/16/18 18:00,8.547485775
102501,11.5,8/16/18 18:30,8.592253882
102501,11.5,8/16/18 19:00,8.513995063
102501,11.5,8/16/18 19:30,8.524340422
102501,11.5,8/16/18 20:00,8.591844934
102501,11.5,8/16/18 20:30,8.497374245
102501,11.5,8/16/18 21:00,8.657686082
102501,11.5,8/16/18 21:30,8.500086585
102501,11.5,8/16/18 22:00,8.551343572
102501,11.5,8/16/18 22:30,8.50896925
102501,11.5,8/16/18 23:00,8.496686547
102501,11.5,8/16/18 23:30,8.635298881
102501,11.5,8/17/18 0:00,8.583209077
102501,11.5,8/17/18 0:30,8.38986891
102501,11.5,8/17/18 1:00,8.529501259
102501,11.5,8/17/18 1:30,8.568425481
102501,11.5,8/17/18 2:00,8.603084091
102501,11.5,8/17/18 2:30,8.461837948
102501,11.5,8/17/18 3:00,8.463112156
102501,11.5,8/17/18 3:30,8.491839058
102501,11.5,8/17/18 4:00,8.584195328
102501,11.5,8/17/18 4:30,8.382283922
102501,11.5,8/17/18 5:00,8.467444517
102501,11.5,8/17/18 5:30,8.573799031
102501,11.5,8/17/18 6:00,8.643407473
102501,11.5,8/17/18 6:30,8.651622248
102501,11.5,8/17/18 7:00,8.541319215
102501,11.5,8/17/18 7:30,8.518626607
102501,11.5,8/17/18 8:00,8.541357695
102501,11.5,8/17/18 8:30,8.392873173
102501,11.5,8/17/18 9:00,8.459703065
102501,11.5,8/17/18 9:30,8.506554976
102501,11.5,8/17/18 10:00,8.580529386
102501,11.5,8/17/18 10:30,8.527308009
102501,11.5,8/17/18 11:00,8.445427759
102501,11.5,8/17/18 11:30,8.50242865
102501,11.5,8/17/18 12:00,8.61557968
102501,11.5,8/17/18 12:30,8.529097238
102501,11.5,8/17/18 13:00,8.493488539
102501,11.5,8/17/18 13:30,8.519929998
102501,11.5,8/17/18 14:00,8.578797466
102501,11.5,8/17/18 14:30,8.383350996
102501,11.5,8/17/18 15:00,8.465833696
102501,11.5,8/17/18 15:30,8.572326945
102501,11.5,8/17/18 16:00,8.612832224
102501,11.5,8/17/18 16:30,8.66046299
102501,11.5,8/17/18 17:00,8.58852526
102501,11.5,8/17/18 17:30,8.329960087
102501,11.5,8/17/18 18:00,8.418528789
102501,11.5,8/17/18 18:30,8.551155972
102501,11.5,8/17/18 19:00,8.734057147
102501,11.5,8/17/18 19:30,8.406198157
102501,11.5,8/17/18 20:00,8.527538876
102501,11.5,8/17/18 20:30,8.634601123
102501,11.5,8/17/18 21:00,8.570253532
102501,11.5,8/17/18 21:30,8.57618518
102501,11.5,8/17/18 22:00,8.578523247
102501,11.5,8/17/18 22:30,8.61760541
102501,11.5,8/17/18 23:00,8.464251737
102501,11.5,8/17/18 23:30,8.465299964
102501,11.5,8/18/18 0:00,8.433662972
102501,11.5,8/18/18 0:30,8.525730421
102501,11.5,8/18/18 1:00,8.622932064
102501,11.5,8/18/18 1:30,8.450538686
102501,11.5,8/18/18 2:00,8.477369354
102501,11.5,8/18/18 2:30,8.539678996
102501,11.5,8/18/18 3:00,8.570330503
102501,11.5,8/18/18 3:30,8.563667812
102501,11.5,8/18/18 4:00,8.395012232
102501,11.5,8/18/18 4:30,8.45417362
102501,11.5,8/18/18 5:00,8.486073184
102501,11.5,8/18/18 5:30,8.535989753
102501,11.5,8/18/18 6:00,8.544344752
102501,11.5,8/18/18 6:30,8.485577874
102501,11.5,8/18/18 7:00,8.436999551
102501,11.5,8/18/18 7:30,8.518756465
102501,11.5,8/18/18 8:00,8.531040395
102501,11.5,8/18/18 8:30,8.438903443
102501,11.5,8/18/18 9:00,8.58861186
102501,11.5,8/18/18 9:30,8.69560341
102501,11.5,8/18/18 10:00,8.385648587
102501,11.5,8/18/18 10:30,8.421336324
102501,11.5,8/18/18 11:00,8.479533258
102501,11.5,8/18/18 11:30,8.577041506
102501,11.5,8/18/18 12:00,8.581481947
102501,11.5,8/18/18 12:30,8.55425861
102501,11.5,8/18/18 13:00,8.704253442
102501,11.5,8/18/18 13:30,8.397305134
102501,11.5,8/18/18 14:00,8.523397728
102501,11.5,8/18/18 14:30,8.517573319
102501,11.5,8/18/18 15:00,8.582857877
102501,11.5,8/18/18 15:30,8.590998171
102501,11.5,8/18/18 16:00,8.589015991
102501,11.5,8/18/18 16:30,8.446764378
102501,11.5,8/18/18 17:00,8.458404836
102501,11.5,8/18/18 17:30,8.491237938
102501,11.5,8/18/18 18:00,8.470594066
102501,11.5,8/18/18 18:30,8.489088347
102501,11.5,8/18/18 19:00,8.566732143
102501,11.5,8/18/18 19:30,8.487813991
102501,11.5,8/18/18 20:00,8.647430604
102501,11.5,8/18/18 20:30,8.484895021
102501,11.5,8/18/18 21:00,8.409217057
102501,11.5,8/18/18 21:30,8.502823004
102501,11.5,8/18/18 22:00,8.595217582
102501,11.5,8/18/18 22:30,8.453356236
102501,11.5,8/18/18 23:00,8.613448113
102501,11.5,8/18/18 23:30,8.443793056
102501,11.5,8/19/18 0:00,8.577700591
102501,11.5,8/19/18 0:30,8.468343697
102501,11.5,8/19/18 1:00,8.547519447
102501,11.5,8/19/18 1:30,8.654764833
102501,11.5,8/19/18 2:00,8.567044832
102501,11.5,8/19/18 2:30,8.436129343
102501,11.5,8/19/18 3:00,8.502346893
102501,11.5,8/19/18 3:30,8.671089693
102501,11.5,8/19/18 4:00,8.610989379
102501,11.5,8/19/18 4:30,8.568516884
102501,11.5,8/19/18 5:00,8.621844588
102501,11.5,8/19/18 5:30,8.545066269
102501,11.5,8/19/18 6:00,8.555860455
102501,11.5,8/19/18 6:30,8.610171412
102501,11.5,8/19/18 7:00,8.693081153
102501,11.5,8/19/18 7:30,8.53690364
102501,11.5,8/19/18 8:00,8.741996211
102501,11.5,8/19/18 8:30,9.001522051
102501,11.5,8/19/18 9:00,8.549433906
102501,11.5,8/19/18 9:30,9.098467848
102501,11.5,8/19/18 10:00,9.799275826
102501,11.5,8/19/18 10:30,9.745897416
102501,11.5,8/19/18 11:00,9.696697957
102501,11.5,8/19/18 11:30,10.12661801
102501,11.5,8/19/18 12:00,10.29581018
102501,11.5,8/19/18 12:30,10.2659673
102501,11.5,8/19/18 13:00,10.3227341
102501,11.5,8/19/18 13:30,10.30467578
102501,11.5,8/19/18 14:00,10.15267718
102501,11.5,8/19/18 14:30,10.59237621
102501,11.5,8/19/18 15:00,10.3438462
102501,11.5,8/19/18 15:30,10.40413306
102501,11.5,8/19/18 16:00,10.55781558
102501,11.5,8/19/18 16:30,10.48013441
102501,11.5,8/19/18 17:00,10.46018448
102501,11.5,8/19/18 17:30,10.59528219
102501,11.5,8/19/18 18:00,10.5639766
102501,11.5,8/19/18 18:30,10.60045665
102501,11.5,8/19/18 19:00,10.48197294
102501,11.5,8/19/18 19:30,10.6003885
102501,11.5,8/19/18 20:00,10.6074763
102501,11.5,8/19/18 20:30,10.62114663
102501,11.5,8/19/18 21:00,10.61976883
102501,11.5,8/19/18 21:30,10.6080118
102501,11.5,8/19/18 22:00,10.60568485
102501,11.5,8/19/18 22:30,10.55825355
102501,11.5,8/19/18 23:00,10.51746402
102501,11.5,8/19/18 23:30,10.53209398
102501,11.5,8/20/18 0:00,10.536692
102501,11.5,8/20/18 0:30,10.50547216
102501,11.5,8/20/18 1:00,10.36781413
102501,11.5,8/20/18 1:30,10.44110766
102501,11.5,8/20/18 2:00,10.34970175
102501,11.5,8/20/18 2:30,9.992819302
102501,11.5,8/20/18 3:00,10.16689755
102501,11.5,8/20/18 3:30,10.0813573
102501,11.5,8/20/18 4:00,9.856154404
102501,11.5,8/20/18 4:30,9.937390094
102501,11.5,8/20/18 5:00,10.01507884
102501,11.5,8/20/18 5:30,10.00131838
102501,11.5,8/20/18 6:00,9.988223299
102501,11.5,8/20/18 6:30,10.02357911
102501,11.5,8/20/18 7:00,9.9903516
102501,11.5,8/20/18 7:30,9.857418705
102501,11.5,8/20/18 8:00,9.815299985
102501,11.5,8/20/18 8:30,9.938945824
102501,11.5,8/20/18 9:00,9.899543495
102501,11.5,8/20/18 9:30,9.801721238
102501,11.5,8/20/18 10:00,9.937457945
102501,11.5,8/20/18 10:30,9.858581289
102501,11.5,8/20/18 11:00,10.02930118
102501,11.5,8/20/18 11:30,9.967412055
102501,11.5,8/20/18 12:00,9.897837942
102501,11.5,8/20/18 12:30,9.8767962
102501,11.5,8/20/18 13:00,9.943937832
102501,11.5,8/20/18 13:30,9.878811593
102501,11.5,8/20/18 14:00,9.88824939
102501,11.5,8/20/18 14:30,9.890395742
102501,11.5,8/20/18 15:00,9.909423457
102501,11.5,8/20/18 15:30,9.915059038
102501,11.5,8/20/18 16:00,9.906913434
102501,11.5,8/20/18 16:30,9.893976289
102501,11.5,8/20/18 17:00,9.903521572
102501,11.5,8/20/18 17:30,9.936134859
102501,11.5,8/20/18 18:00,9.945270676
102501,11.5,8/20/18 18:30,9.972356478
102501,11.5,8/20/18 19:00,9.876975453
102501,11.5,8/20/18 19:30,9.868715503
102501,11.5,8/20/18 20:00,9.913241868
102501,11.5,8/20/18 20:30,9.925162874
102501,11.5,8/20/18 21:00,9.866026872
102501,11.5,8/20/18 21:30,9.883932547
102501,11.5,8/20/18 22:00,9.939469251
102501,11.5,8/20/18 22:30,9.979012303
102501,11.5,8/20/18 23:00,10.00251595
102501,11.5,8/20/18 23:30,9.90201464
102501,11.5,8/21/18 0:00,9.878884264
102501,11.5,8/21/18 0:30,9.879838678
102501,11.5,8/21/18 1:00,9.903439199
102501,11.5,8/21/18 1:30,9.912578001
102501,11.5,8/21/18 2:00,9.893002411
102501,11.5,8/21/18 2:30,9.906428878
102501,11.5,8/21/18 3:00,9.928385575
102501,11.5,8/21/18 3:30,9.914647144
102501,11.5,8/21/18 4:00,9.891577944
102501,11.5,8/21/18 4:30,9.886316244
102501,11.5,8/21/18 5:00,9.90009102
102501,11.5,8/21/18 5:30,9.897445474
102501,11.5,8/21/18 6:00,9.870987553
102501,11.5,8/21/18 6:30,9.922376381
102501,11.5,8/21/18 7:00,9.83969032
102501,11.5,8/21/18 7:30,9.919774082
102501,11.5,8/21/18 8:00,9.995999736
102501,11.5,8/21/18 8:30,9.961003923
102501,11.5,8/21/18 9:00,9.815295142
102501,11.5,8/21/18 9:30,10.01058886
102501,11.5,8/21/18 10:00,10.01575283
102501,11.5,8/21/18 10:30,7.198823764
102501,11.5,8/21/18 11:00,10.26873567
102501,11.5,8/21/18 11:30,10.43817075
102501,11.5,8/21/18 12:00,12.0661977
102501,11.5,8/21/18 12:30,15.73264414
102501,11.5,8/21/18 13:00,16.38646239
102501,11.5,8/21/18 13:30,16.18123118
102501,11.5,8/21/18 14:00,16.15487354
102501,11.5,8/21/18 14:30,16.32567138
102501,11.5,8/21/18 15:00,16.91710616
102501,11.5,8/21/18 15:30,17.17916389
102501,11.5,8/21/18 16:00,22.72123397
102501,11.5,8/21/18 16:30,22.5534065
102501,11.5,8/21/18 17:00,21.95762518
102501,11.5,8/21/18 17:30,21.55829425
102501,11.5,8/21/18 18:00,21.20196882
102501,11.5,8/21/18 18:30,20.91624311
102501,11.5,8/21/18 19:00,20.66239698
102501,11.5,8/21/18 19:30,20.4684242
102501,11.5,8/21/18 20:00,20.28817213
102501,11.5,8/21/18 20:30,20.13026867
102501,11.5,8/21/18 21:00,19.97531177
102501,11.5,8/21/18 21:30,19.81612376
102501,11.5,8/21/18 22:00,19.6745597
102501,11.5,8/21/18 22:30,19.56208423
102501,11.5,8/21/18 23:00,19.45286912
102501,11.5,8/21/18 23:30,19.35157288
102501,11.5,8/22/18 0:00,19.2781221
102501,11.5,8/22/18 0:30,19.19971089
102501,11.5,8/22/18 1:00,19.12917491
102501,11.5,8/22/18 1:30,19.06592788
102501,11.5,8/22/18 2:00,19.02029279
102501,11.5,8/22/18 2:30,18.99093141
102501,11.5,8/22/18 3:00,18.96144432
102501,11.5,8/22/18 3:30,18.91495243
102501,11.5,8/22/18 4:00,18.87751469
102501,11.5,8/22/18 4:30,18.84562202
102501,11.5,8/22/18 5:00,18.80517931
102501,11.5,8/22/18 5:30,18.77861006
102501,11.5,8/22/18 6:00,18.74321602
102501,11.5,8/22/18 6:30,18.71677436
102501,11.5,8/22/18 7:00,18.69153539
102501,11.5,8/22/18 7:30,18.67279706
102501,11.5,8/22/18 8:00,18.67201708
102501,11.5,8/22/18 8:30,18.66144026
102501,11.5,8/22/18 9:00,18.64543415
102501,11.5,8/22/18 9:30,17.1079493
102501,11.5,8/22/18 10:00,18.70268911
102501,11.5,8/22/18 10:30,19.68027752
102501,11.5,8/22/18 11:00,20.25005832
102501,11.5,8/22/18 11:30,21.40631894
102501,11.5,8/22/18 12:00,22.05104957